id;city;country;country_id;type_of_violence;UCDP_event_id;weapon_used;dyad;side_a;side_a_identity;side_a_gender;side_a_age;side_b;side_b_identity;side_b_gender;side_b_age;additional_actors;cr_clarity;sources;sources_original;date_start;date_end;date_precision;time;time_original;where;neighbourhood/area;admin_area;latitude;longitude;geoprecision;deaths_a;deaths_b;deaths_other;deaths_unknown;deaths_best;deaths_high;deaths_low;deaths_gender;injuries_total;injuries_a;injuries_b;injuries_others;injuries_na
BUJ07022101_00;Bujumbura;Burundi;516;attack;10891;Unknown;FNL-Govt;Suspected members of FNL armed group (Hutu);FNL (Palipehutu-FNL) [suspected];Male;Unknown;Government;Police Officers;Unknown;Unknown;na;1: high;"AFP 22 Feb 2007 ""Suspected Burundi rebels kill two police officers"" / BBC Monitoring Africa 22 Feb 2007 ""Burundi officials accuse rebels of killing two policemen in capital""";AFP article : Interior ministry spokesman Ildephonse Mushwabure + AFP reporter / BBC article: Andre Jose-Marie Ndikumana, Reporter for Burundi independent Bonesha FM radio quotes police officers who survived.;2007-02-21;21-Feb-2007;1;3:00;"""last night"" ""last evening"" ""Wednedsay night""";"""in Nkenga, some 12 kilometres southeast of capital Bujumbura"" / "" in [Bujumbura] commune of Kanyosha""";Nkenga;Kanyosha;-3,438000;29,365500;3: neighbourhood ;0;2;0;0;2;2;2;Unknown;2;0;2;0;0
BUJ07042001_00;Bujumbura;Burundi;516;other;na;blunt object;Govt-CNDD-FDD;Govt (SNR officers);Govt : police and SNR officers;Unknown;Unknown;CNDD-FDD supporters of H. Radjabu;Evariste Kagabo, CNDD-FDD supporter of H. Radjabu;Male;Unknown;na;1: high;"Human Rights Watch (2009) ""Pursuit of Power Political Violence and Repression in Burundi"" - p.54";Detainee testinmonial + HRW interview with detainee.;2007-04-20;31-May-2007;0;na;Unknown;In prison in Bujumbura;;;-3,367151;29,376091;5: city-level precision only;0;0;0;0;0;0;0;;1;0;1;0;0
BUJ07080301_00;Bujumbura;Burundi;516;attack;na;Unknown;Unknown-Unknown;Unknown;Suspected members of Palipehutu FNL armed group;Unknown;Unknown;Unknown;Unknown;Unknown;Unknown;na;2: medium;"[AllAfrica; 06/08/2007 'Armed Gang Kills One Person in Bujumbura Rural']";Unknown / Original newspaper: Burundi Realites;2007-08-02;5-Aug-2007;0;na;Unknown;"""in Ruziba located in the South of the capital city, Bujumbura.""";Ruziba;Bujumbura Rural;-3,474080;29,359230;4: sub-city admin area;0;1;0;0;1;1;1;Unknown;0;0;0;0;0
BUJ07080901_00;Bujumbura;Burundi;516;attack;na;firearms;Unknown-Govt;Unknown armed men;Suspected Palipehutu-FNL due to general insecurity caused by the group in the city.;Unknown;Unknown;Govt;An army officer, his fiancee and his would-be future brother-in-law (govt representative + civilians);2 M + 1 F;Unknown;na;3: low;"[AllAfrica 09/08/2007 ""Fresh Outbreak of Insecurity in Capital""] + [All Africa 10/08/2007 ""Trois personnes abattues au coeur de la capitale dans l'indifférence générale.""]";eye witnesses talking to to Burundi Realite Agence Presse;2007-08-09;9-Aug-2007;1;13:00;"""a bit before 13:00""";"""near BCB bank, right in the centre of Bujumbura, a fee meters away from large ministries""";Rohero;Mukaza (Bujumbura Mairie);-3,385261;29,364414;4: sub-city admin area;0;3;0;0;3;3;3;2 M, 1 F;0;0;0;0;0
BUJ07081901_00;Bujumbura;Burundi;516;attack;na;Explosives;Unknown-Dissident politicians;Unknown;Suspected Jérémie Ngendakumana, President of  CNDD-FDD ruling party CNDD-FDD with backing of President Nkurunziza;Unknown;Unknown;Dissident politicians and MPs within CNDD-FDD, CNDD and oposition party Frodebu;"Nephtalie Ndikumana (CNDD); Jean Marie Nduwabike, Pasteur Mpawenayo, & Félicien Nduwuburundi ( CNDD-FDD); Fréderic Bamvuginyumvira (VP Sahwanya-Frodebu).";5 M;Unknown;na;1: high;Associated Press Newswires 20/08/2007 'Burundi: grenade attacks on politicians homes wound 2 bystanders'. / BBC 20/08/2007 'Attackers lob grenades at homes of Burundi politicians' / AllAfrica 21/08/2007 'Jérémie Ngendakumana accusé d'avoir commandité les attaques contre les parlementaires';police official / media statements by targetted parties;2007-08-19;19-Aug-2007;1;18:00;around 18:00 [source: AllAfrica 21/08/07 'Jérémie Ngendakumana accusé d'avoir commandité les attaques contre les parlementaires'];"""at the homes of five prominent Burundian opposition politicians""";Unknown;Uknown;-3,367151;29,376091;5: city-level precision only;0;0;1;0;1;1;1;Unknown;1;0;0;1;0
BUJ07081902_00;Bujumbura;Burundi;516;other;na;Unknown;Unknown-Unknown;Unknown;Suspected FNL;Unknown;Unknown;Unknown;Unknown (could be civilians or other FNL members due to FNL split);Unknown;Unknown;na;2: medium;AllAfrica 21/08/2007 'Jérémie Ngendakumana accusé d'avoir commandité les attaques contre les parlementaires';"""certain sources of information"" - original article from Burundi Réalités";2007-08-19;19-Aug-2007;1;19:00;night-time (after 7pm);"""in the urban commune of Kamenge""";Kamenge;Ntahangwa (Bujumbura Mairie);-3,343611;29,388830;3: neighbourhood ;0;3;0;0;3;3;3;Unknown;0;0;0;0;0
BUJ07082301_00;Bujumbura;Burundi;516;attack;na;Explosives;Unknown-Unknown;Unknown;"Suspected FNL disarmed (""former combattant"")";Unknown;Unknown;Unknown;Unknown (possible civilians);Unknown;Unknown;na;2: medium;AllAfrica 24/08/2007 'Violence Escalates in Kibira Vicinities';original article from Burundi Realites;2007-08-23;24-Aug-2007;1;3:00;"""at night""";"""Gikizi quarter 8th avenue in Kamenge""";Kamenge;Ntahangwa (Bujumbura Mairie);-3,345555;29,389061;3: neighbourhood ;0;0;0;0;0;0;0;;2;0;2;0;0
BUJ07090401_00;Bujumbura;Burundi;516;clash;na;firearms;FNL-FNL;FNL Palipehutu (Rwasa);FNL Palipehutu (Rwasa);Unknown;Unknown;FNL (dissidents);FNL (dissidents);Unknown;Unknown;na;1: high;"AP 4th Sep 2007 ""Rival factions in Burundi's last rebel group clash, killing 26 people""";Mayor Elias Duregure + a rebel spokesman;2007-09-04;4-Sep-2007;1;5:00;"""5am local time"" [BBC 4/97/07]";"Mugaruro neighbourhood of Buterere commune. [source: BBC 4/09/07 ""Hundreds flee as rebel factions clash in Burundi capital""] (some articles mention ""Mugarugu suburb in Buterere commune"" but Mugarugu doesn't exist, however Mugaruro does). ";Mugaruro, Buterere;Ntahangwa (Bujumbura Mairie);-3,334015;29,351966;3: neighbourhood ;0;20;1;5;26;47;6;unknown;6;0;0;0;6
BUJ07091901_00;Bujumbura;Burundi;516;assassination/murder;na;firearms;Unknown-Civilian;Unknown;"""men in uniform"" - could be FNL or police (article unclear)";Male;Unknown;Civilian;François Ntahimpera , local resident of Buterere (name spelled wrong in AlllAfrica article: F. Ntahimpereye);Male;Unknown;na;3: low;"AllAfrica 21/09/2007 ""The Murder of a Local Resident Reveals Divisions"" / Actualités de la Ligue ITEKA 2007 https://doczz.fr/doc/3080476/actualit%C3%A9s-de-la-ligue-iteka-2007  (not on Factiva)";original article from Burundi Realites;2007-09-19;19-Sep-2007;0;3:00;at night;Buterere;Buterere;Ntahangwa (Bujumbura Mairie);-3,333880;29,354180;3: neighbourhood ;0;1;0;0;1;1;1;Male;1;0;0;1;0
BUJ07100101_00;Bujumbura;Burundi;516;assassination/murder;na;firearms;Govt-Unknown ;Police officer employed by intelligence services;Anicet Dusabumuremyi;Male;Unknown;Unknown;driver (possible civilian but because killing was executed by police officer, it could be that the target was involved in the armed struggle). ;Male;Unknown;na;3: low;"AllAfrica 02/10/2007 ""Policeman Guns Down a Conductor"" ";original article from Burundi Realites;2007-10-01;1-Oct-2007;1;na;Unknown;one article states Kamenge, one states Kinama;Kamenge / Kinama;Ntahangwa (Bujumbura Mairie);-3,337228;29,382110;4: sub-city admin area;0;1;0;0;1;1;1;Male;1;1;0;0;0
BUJ07101301_00;Bujumbura;Burundi;516;attack;na;firearms;FNL-FNL;FNL Palipehutu (Rwasa);FNL Palipehutu (Rwasa);Unknown;Unknown;FNL (dissidents);"Three leaders of a dissident FNL factions (Nestor Banzubaze, alias Banes ; Elie Nsengiyumva) with accomplices";Male;Unknown;na;1: high;"AllAfrica 15OCT2007 ""L'attaque du Palipehutu - Fnl sur l'hôtel Albatros met le pouvoir dans un extrême embarras"" / WDAN 15OCT2007 ""Dissident Rebel Commander Gunned Down in Burundi Capital"" / BBC 15OCT2007 Three rebel chiefs killed in Burundi capital.";Police spokesman Pierre Channel Ntarabaganyi ;2007-10-15;15-Oct-2007;1;18:30;"18:30
[source: AllAfrica article outside of Factiva: Burundi: Nkurunziza et la médiation Sud-Africaine pris en flagrant délit - Le PALIPEHUTU-FNL reste indivisible - 18OCT2007 https://fr.allafrica.com/stories/200710190924.html]";Outside of the Hotel Albatros, in central Bujumbura (note the coordinates are given of the current (2023) location of Hotel Albatros without knowledge of whether or not it might have moved since 2007);Ngagara;Ntahangwa (Bujumbura Mairie);-3,371587;29,364601;1: exact location (e.g. street, building, square);0;3;0;0;3;3;3;Male;1;0;1;0;0
BUJ07102701_00;Bujumbura;Burundi;516;violent abduction;na;blunt object;Govt-Civilian;Govt;Police officers (but later he was released by intervention of other police orders).;Unknown;Unknown;Civilian;Gérard Nzohabona (aka Kaze Frank) - Journalist;Male;Unknown;na;3: low;AllAfrica, 29/10/2007 'Le président de l'Association Burundaise des Journaliste (ABJ), M.Gérard Nzohabona connu sous le nom de Kaze Frank arrêté et brutalisé par la police';original article from Burundi Realites;2007-10-27;27-Oct-2007;1;21:00;in the evening;"""Boulevard de l'UPRONA, close to the Hôtel Novotel""";Rohero;Mukaza (Bujumbura Mairie);-3,380314;29,362629;3: neighbourhood ;0;0;0;0;0;0;0;;1;0;1;0;0
BUJ07120401_00;Bujumbura;Burundi;516;assassination/murder;na;Unknown;Unknown-Civilian;Unknown;Two persons in military uniform (could be FNL or army officers);Unknown;Unknown;Civilian;Mr. Pacifique Ndarishikanye - head of the the Wall Street Forex money changing office. (article mentions he had received threats of violence in the previous weeks - could be political crime?);Male;Unknown;na;3: low;"AllAfrica 05/12/2008 ""The Chief of Wall Street Forex Gets Killed""";original article from Burundi Realites;2007-12-04;4-Dec-2007;1;9:00;morning;"""This incident took place in the high standing quarter of Rohero""";Rohero;Mukaza (Bujumbura Mairie);-3,379900;29,367800;3: neighbourhood ;0;1;0;0;1;1;1;Male;2;0;0;0;2
BUJ07121001_00;Bujumbura;Burundi;516;other;na;firearms;Govt-Unknown;Govt;Police;Unknown;Unknown;Unknown;Unknown;Unknown;Unknown;na;3: low;"AllAfrica 11/12/2007 ""393 Persons Died Over the Last Ten Months""";original article from Burundi Realites;2007-12-10;10-Dec-2007;1;na;Unknown;Kanyosha;Kanyosha;Muha (Bujumbura Mairie);-3,437000;29,359100;3: neighbourhood ;0;1;0;0;1;1;1;Unknown;0;0;0;0;0
BUJ08010201_00;Bujumbura;Burundi;516;assassination/murder;na;firearms;Unknown-FNL;2 unidentified men (suspected Pro-Govt démobilisés FDD combattants working with SNR);Suspected CNDD-FDD démobilisés (ligue ITEKA), witnesses suspect perpetrators were former FDD combattants working with SNR (HRW 2009).;2 Male;Unknown;FNL;"Emmanuel aka ""Papillon"", a Palipehutu-FNL ""political mobiliser""";Male;Unknown;na;1: high;"Human Rights Watch (2009) ""Pursuit of Power Political Violence and Repression in Burundi""";Ligue ITEKA and HRW interviews with residents and witnesses in Bihara;2008-01-02;2-Jan-2008;1;na;Unknown;Bihara, in Kanyosha;Kanyosha;Muha (Bujumbura Mairie);-3,437000;29,359100;3: neighbourhood ;0;1;0;0;1;1;1;Male;0;0;0;0;0
BUJ08010301_00;Bujumbura;Burundi;516;attack;na;firearms;Unknown-FNL;2 unidentified men (suspected Pro-Govt démobilisés FDD combattants);Suspected CNDD-FDD démobilisés (ligue ITEKA - same perpetrators at 2nd Jan killing);2 Male;Unknown;FNL;FNL member;Unknown;Unknown;na;1: high;"Human Rights Watch (2009) ""Pursuit of Power Political Violence and Repression in Burundi""";Ligue ITEKA in HRW report;2008-01-03;3-Jan-2008;1;na;Unknown;in an area nearby to Bihara, Kanyosha;Kanyosha;Muha (Bujumbura Mairie);-3,437000;29,359100;3: neighbourhood ;0;0;0;0;0;0;0;;1;0;1;0;0
BUJ08011601_00;Bujumbura;Burundi;516;attack;na;firearms;Unknown-Govt (CNDD-FDD);Unknown;Police sources accuse PALIPEHUTU-FNL;Unknown;Unknown;Govt (CNDD-FDD);Patrice Mangus Nyandwi, Executive Secretary  of CNDD-FDD party;Male;Unknown;na;2: medium;"AllAfrica 17/01/2008 ""Deux personnes blessées par balles au Nord de la Capitale Bujumbura""";"original article from Burundi Realites / ""police sources""";2008-01-16;16-Jan-2008;1;na;Unknown;in the urban commune of Kinama;Kinama;Ntahangwa (Bujumbura Mairie);-3,324975;29,390436;3: neighbourhood ;0;0;0;0;0;0;0;;1;0;1;0;0
BUJ08011602_00;Bujumbura;Burundi;516;attack;na;firearms;Unknown-Govt;Unknown;"Police and army sources claim PALIPEHUTU-FNL are behind the attacks [source: AllAfrica 18/01/2008 'Two Soldiers Killed in an Attack in the North of Bujumbura'] (""rumor that the National Intelligence Services are planning to infiltrate the PALIPEHUTU-FNL movement in order to eliminate Agathon Rwasa"" - source: AllAfrica 19/01/2008 'Tanzania And Country to Strengthen Military Ties')";Unknown;Unknown;"Govt (Agent of the National Inteliigence Services / ""documentation officer"")";Agent of the National Intelligence Services known as Babylone, Digidi, or Dix tonnes;Male;Unknown;na;2: medium;"AllAfrica 17/01/2008 ""Deux personnes blessées par balles au Nord de la Capitale Bujumbura"" + AllAfrica 18/01/2008 ""Two Soldiers Killed in an Attack in the North of Bujumbura""";"original article from Burundi Realites / ""police sources""";2008-01-16;16-Jan-2008;1;19:00;around 19:00;In the ECOSAT neighbourhood / in Kamenge;Gasenyi Ecosat, Gihosha / Kamenge;Ntahangwa (Bujumbura Mairie);-3,352792;29,395280;3: neighbourhood ;0;0;0;0;0;0;0;;1;0;1;0;0
BUJ08011603_00;Bujumbura;Burundi;516;attack;10815;firearms;Unknown-Govt;Unknown (FNL or Govt);"The article mentions ""The attack was carried out by eight persons in police uniforms."" - this could mean FNL fighters in (stolen) police uniforms (FNL-Govt) / it could mean a faction of the police carrying an attack against a dissident military comander (Govt-Govt). The article is unclear whether the army sources blame this attack on the FNL.";Unknown;Unknown;Govt;Commander of Muha camp whose home was being guarded by soldiers (Muha being a district of Bujumbura);Male;Unknown;na;2: medium;"AllAfrica 18/01/2008 ""Two Soldiers Killed in an Attack in the North of Bujumbura""";"original article from Burundi Realites / ""army sources""";2008-01-16;16-Jan-2008;1;19:30;19:30;Gasenyi quarter of Gihosha commune;Gihosha;Ntahangwa (Bujumbura Mairie);-3,363920;29,395810;3: neighbourhood ;0;2;0;0;2;2;2;Male;0;0;0;0;0
BUJ08011801_00;Bujumbura;Burundi;516;assassination/murder;na;Unknown;Unknown-local chief;Unknown;unidentified persons;Unknown;Unknown;Local chief;"Jean Baptiste Ntirabampa (aka ""Makanaki"") Chief of Teza quarter. The victim had political connections (seems like he could have had ties to the CNDD-FDD. He was the target of a previous attack (also coded) where an agent of the national intelligence services was wounded, in which the government accused FNL.)";Male;Unknown;na;3: low;"AllAfrica 22/01/2008 ""Murders Continue in the Northern Quarters of Bujumbura""";Original article from Burundi Realites/All Africa Global Media via COMTEX;2008-01-18;18-Jan-2008;1;17:00;around 5pm;Kamenge;Kamenge;Ntahangwa (Bujumbura Mairie);-3,345540;29,386310;3: neighbourhood ;0;1;0;0;1;1;1;Male;0;0;0;0;0
BUJ08012001_00;Bujumbura;Burundi;516;assassination/murder;na;firearms;Unknown-Civilians;Unknown (suspected CNDD-FDD);Unknown (suspected CNDD-FDD - family member claims to have recognised a police officer who was a former FDD combattant);Male;"""young men""";Civilians (suspected to be civilian FNL supporters/members);"Emmanuel Minani (nurse and civilian FNL member known as ""Papa Lolo"") and his 12 year old son, Jospin Nzeyimana. HRW report states that ""Minani had been imprisoned for six months in late 2005 at the Documentation Nationale (the precursor to the SNR) and Mpimba prison, accused of FNL membership.""";2 Males;1 adult + 12 year old son;na;2: medium;"HRW (2009) ""Pursuit of Power: Political Violence and Repression in Burundi"" p.27";HRW interview with LN, family member of the victims.;2008-01-20;20-Jan-2008;1;na;unknown;Kinama;Kinama;Ntahangwa (Bujumbura Mairie);-3,324975;29,390436;3: neighbourhood ;0;2;0;0;2;2;2;2 M;0;0;0;0;0
BUJ08012201_00;Bujumbura;Burundi;516;assassination/murder;na;firearms;Unknown-Civilians;Unknown (suspected CNDD-FDD);"Unidentified armed persons in police uniforms. HRW Report (2009) lists the murders as committed by CNDD-FDD supporters. A neighbour, interviewed by HRW, said that a SNR agent had previously threatened the couple for being FNL supporters, and he recognised this agent's voice as that of the assailant. The neighbour explained that he saw ""a man in boots and a police uniform approached the house and demanded that the door be opened, and then fired on the door. When Ngendabanka and Niyonkuru emerged, the man shot and killed them.""";Male (HRW report) + Unknown (if several);Civilians;Civilians (suspected to be civilian FNL supporters/members);Mr Thimothée Ngendabanka and his wife, Niyonkuru Frédiane (killed) and their baby (injured);1M + 1 F + infant;Unknown + infant;na;2: medium;"AllAfrica 24/01/2008 ""Two Persons Killed in Kamenge"" / HRW (2009) ""Pursuit of Power: Political Violence and Repression in Burundi"" p.27";Original article from Burundi Realites/All Africa Global Media via COMTEX / HRW interview with TB, neighbour;2008-01-22;22-Jan-2008;0;0:00;around midnight;on 11th street, Teza quarter, of Kamenge commune;Kamenge;Ntahangwa (Bujumbura Mairie);-3,341530;29,386835;2: within a small radius of an exact location (e.g. “near the town hall”);0;2;0;0;2;2;2;1M + 1F;1;0;1;0;0
BUJ08012202_00;Bujumbura;Burundi;516;attack;na;firearms;Unknown-FNL;Unknown;Unknown (local officials suspected démobilisés, former FDD combatants);Unknown;Unknown;FNL;Dieudonné, FNL member;Male;Unknown;na;1: high;"HRW (2009) ""Pursuit of Power: Political Violence and Repression in Burundi"" p.78";HRW;2008-01-22;22-Jan-2008;1;na;unknown;Kinama;Kinama;Ntahangwa (Bujumbura Mairie);-3,324975;29,390436;3: neighbourhood ;0;0;0;0;0;0;0;;1;0;1;0;0
BUJ08012302_00;Bujumbura;Burundi;516;attack;na;Unknown;Unknown-Unknown;Unknown;Unidentified armed persons in military uniforms;Unknown;Unknown;Unknown;Unknown;Unknown;Unknown;na;3: low;"AllAfrica 24/01/2008 ""Two Persons Killed in Kamenge""";Original article from Burundi Realites/All Africa Global Media via COMTEX;2008-01-23;23-Jan-2008;1;3:00;"""last night""";Gihosha;Gihosha;Ntahangwa (Bujumbura Mairie);-3,363920;29,395810;3: neighbourhood ;0;1;0;0;1;1;1;Unknown;0;0;0;0;0
BUJ08020101_00;Bujumbura;Burundi;516;other;na;Unknown;Govt-FRODEBU;Govt (Police);GMIR police;Unknown;Unknown;FRODEBU;Juma Hakizimana, a FRODEBU member;Male;Unknown;na;2: medium;"HRW (2009) ""Pursuit of Power: Political Violence and Repression in Burundi"" p.57";HRW interview with victim;2008-02-01;29-Feb-2008;0;na;unknown;Arrested outside of FRODEBU HQ in Bujumbura, taken to GMIR camp in Buyenzi nieghbourhood of Bujumbura;Buyenzi;Mukaza (Bujumbura Mairie);-3,369690;29,358150;3: neighbourhood ;0;0;0;0;0;0;0;;1;0;1;0;0
BUJ08020201_00;Bujumbura;Burundi;516;attack;na;firearms;Unknown-Pro-Govt;Unknown;Unknown (suspected FNL members);Unknown;Unknown;Pro-Govt (SNR agent and démobilisé);"Diomède Sindiwenumwe, aka “Rumpu"" - a SNR agent and démobilisé (former FDD combatant).";Male;Unknown;na;1: high;"HRW (2009) ""Pursuit of Power: Political Violence and Repression in Burundi"" p.26";local officials and residents, HRW;2008-02-02;2-Feb-2008;1;na;Unknown;Kanyosha;Kanyosha;Muha (Bujumbura Mairie);-3,437000;29,359100;3: neighbourhood ;0;0;0;0;0;0;0;;1;0;1;0;0
BUJ08020301_00;Bujumbura;Burundi;516;attack;na;firearms;Unknown-Civilian;Unknown;Govt sources accuse FNL but Frodebu leader accuses govt of paying militias to create insecurity prior to elections.;Unknown;Unknown;Civilian;"Civilians in a ""bistrot"" (pub) - 5 wounded and 2 killed.";Unknown;Unknown;na;2: medium;"AllAfrica 05/02/2008 ""Trois personnes tuées et cinq autres blessées dans la nuit de dimanche le 3 février 2008 dans la capitale Bujumbura"" | AllAfrica 07/02/2008 ""Frodebu Disagrees With the Information Minister Over Those Bearing Responsibility of the Escalating Violence""";Original article from Burundi Realites/All Africa Global Media via COMTEX;2008-02-03;3-Feb-2008;1;3:00;in the night ; Musaga;Musaga;Muha (Bujumbura Mairie);-3,412810;29,376350;3: neighbourhood ;0;2;0;0;2;2;2;Unknown;5;0;5;0;0
BUJ08020302_00;Bujumbura;Burundi;516;assassination/murder;na;firearms;Unknown-SAHWANYA FRODEBU;Unknown;2 unidentified armed persons. SAHWANYA FRODEBU blame the government of backing a militia (CNDD-FDD démobilisés?) to eliminate political opposition. CNDD-FDD lovcal official event told HRW he thought the perpetrators were CNDD-FDD démobilisés (source: HRW 2009). Govt accuses FNL of being behind killing.;Unknown;Unknown;SAHWANYA FRODEBU;M. Nurwaha Jean Berchmans, a member of the FRODEBU political party (VP of the party in Kanyosha);Male;Unknown;na;2: medium;"AllAfrica 05/02/2008 ""Trois personnes tuées et cinq autres blessées dans la nuit de dimanche le 3 février 2008 dans la capitale Bujumbura"" | AllAfrica 07/02/2008 ""Frodebu Disagrees With the Information Minister Over Those Bearing Responsibility of the Escalating Violence"" / HRW (2009) Pursuit of Power, p.57). ";Original article from Burundi Realites/All Africa Global Media via COMTEX;2008-02-03;3-Feb-2008;1;3:00;in the night ;"Kanyosha (""near his home"")";Kanyosha;Muha (Bujumbura Mairie);-3,437000;29,359100;3: neighbourhood ;0;1;0;0;1;1;1;Male;0;0;0;0;0
BUJ08022401_00;Bujumbura;Burundi;516;attack;10847;firearms;FNL-Govt;FNL;Dozens of fighters from the FNL (govt accuses FNL of attacking / FNL accuses Govt of opening fire on them);Unknown;Unknown;Govt;Government official: attack on a house belonging to Rugazi district administrator;Unknown;Unknown;na;1: high;"Reuters News, 25/02/2008 ""REFILE-Burundi police say rebels kill 3 officers"".";Police spokesman Pierre Ntarabaganyi and FNL spokesman Pasteur Habimana.;2008-02-24;24-Feb-2008;1;3:00;"""late on Sunday""";"""at the home of a government official in the capital Bujumbura""";;;-3,367151;29,376091;5: city-level precision only;0;3;0;0;3;3;3;Unknown;0;0;0;0;0
BUJ08022501_00;Bujumbura;Burundi;516;attack;10732;firearms;Unknown-Govt;Unknown;Govt sources accuse FNL but FNL denies accusations;Male;Unknown;Govt (army);Army soldiers (2 or 3);Unknown;Unknown;na;2: medium;"Reuters 26/02/2008 ""Burundi army says rebels kill two soldiers"" | BBC 26/02/2008 ""Burundi: Armed men kill three soldiers""";Army spokesman Colonel Adolphe Manirakiza | Radio Publique Africaine;2008-02-25;25-Feb-2008;1;3:00;"""lst night"" / ""late on Monday""";Gihosha;Gihosha;Ntahangwa (Bujumbura Mairie);-3,363920;29,395810;3: neighbourhood ;0;3;0;0;3;3;2;Unknown;0;0;0;0;0
BUJ08022601_00;Bujumbura;Burundi;516;attack;na;firearms;Unknown-Govt;Unknown;Govt sources accuse FNL but FNL denies accusations;Unknown;Unknown;Govt (army);Army soldiers (3 killed and 1 wounded);Unknown;Unknown;na;2: medium;"AllAfrica 27/02/2008 ""Trois soldats tués dans le quartier de Mutanga""";Army spokesman Colonel Adolphe Manirakiza;2008-02-26;26-Feb-2008;1;20:00;around 8pm;Mutanga Nord;Mutanga Nord, Gihosha;Ntahangwa (Bujumbura Mairie);-3,372160;29,394640;3: neighbourhood ;0;3;0;0;3;3;3;Unknown;1;0;1;0;0
BUJ08082401_00;Bujumbura;Burundi;516;assassination/murder;na;firearms;Govt-FNL;Govt (police);Police from the 3rd Rapid Mobile Intervention Group (Groupement Mobile d’Intervention Rapide, GMIR) based at Camp Socarti in Bujumbura;Unknown;Unknown;FNL;FNL combatant Daneck Koriciza;Male;Unknown;na;1: high;"HRW (2009) ""Pursuit of Power: Political Violence and Repression in Burundi"" p.29";HRW interviews with PNB, BINUB US Embassy security, and police officials, as well as residents.;2008-08-24;24-Aug-2008;1;na;Unknown;near his uncle's house in Kinama;Kinama;Ntahangwa (Bujumbura Mairie);-3,324975;29,390436;3: neighbourhood ;0;1;0;0;1;1;1;Male;0;0;0;0;0
BUJ08092501_00;Bujumbura;Burundi;516;assassination/murder;na;Explosives;Unknown-Govt;Unknown;Unknown;Unknown;Unknown;Govt;Ferdinand Ntabihari, Minister for youth and Director General for sports and recreation;Male;Unknown;na;1: high;Ligue ITEKA - RAPPORT ANNUEL SUR LA SITUATION DES DROITS HUMAINS AU BURUNDI- 2008 ;Ligue ITEKA;2008-09-25;25-Sep-2008;1;21:00;in the evening;"""at his home on the second avenue of the Gasekebuye district in the urban commune of Musaga.""";Musaga;Muha (Bujumbura Mairie);-3,401594;29,377710;2: within a small radius of an exact location (e.g. “near the town hall”);0;1;0;0;1;1;1;Male;0;0;0;0;0
BUJ09012601_00;Bujumbura;Burundi;516;assassination/murder;na;firearms;Unknown-FRODEBU;Unknown;2 unitentified young men (HRW report implies victim could have been targetted by CNDD-FDD for joining Frodebu);Male;young;FRODEBU (party);Frédéric Misago, demobilisé (former FDD combatant who had previously worked fro SNR) who had recently joined FRODEBU;Male;Unknown;na;2: medium;"HRW (2009) ""Pursuit of Power: Political Violence and Repression in Burundi"" p.57";HRW interviews with witnesses;2009-01-26;26-Jan-2009;1;na;unknown;"""outside his home"" in Kamenge";Kamenge;Ntahangwa (Bujumbura Mairie);-3,345540;29,386310;3: neighbourhood ;0;1;0;0;1;1;1;Male;0;0;0;0;0
BUJ09013101_00;Bujumbura;Burundi;516;violent abduction;na;Unknown;FNL-JPH;FNL;FNL combatants, under the direction of FNL commander Antoine Bariyanka;Unknown;Unknown;JPH (Jeunesse Patriotique Hutu) - youth wing of the FNL;Jean Baptiste Nsabimana, a civilian JPH member (who had publicly questioned the FNL's name change);Male;Unknown;na;1: high;"HRW (2009) ""Pursuit of Power: Political Violence and Repression in Burundi"" p.51";HRW interviews with JPH members and FNL officials;2009-01-31;7-Feb-2009;0;na;Unknown;abducted in Buterere and taken to Rukoko forest (outside of Bujumbura) to be tortured;Buterere;Ntahangwa (Bujumbura Mairie);-3,333880;29,354180;3: neighbourhood ;0;0;0;0;0;0;0;;1;0;1;0;0
BUJ09020201_00;Bujumbura;Burundi;516;assassination/murder;na;Unknown;FNL-JPH;FNL;"FNL combatants (approx. 6, including one identified by a witness as ""Bakary"")";Unknown;Unknown;JPH (Jeunesse Patriotique Hutu) - youth wing of the FNL;Abraham Ngendakumana, a JPH member;Male;Unknown;na;1: high;"HRW (2009) ""Pursuit of Power: Political Violence and Repression in Burundi"" p.51";HRW interview with JPH members and residents of Buterere;2009-02-02;6-Feb-2009;0;na;Unknown;abducted from his home in Buterere. His body was later found in Mubone zone, Buterere;Buterere;Ntahangwa (Bujumbura Mairie);-3,333880;29,354180;3: neighbourhood ;0;1;0;0;1;1;1;Male;0;0;0;0;0
BUJ09021901_00;Bujumbura;Burundi;516;assassination/murder;na;firearms;Unknown-FRODEBU;Unknown;Unknown (HRW report states the perpetrators could be other démobilisés - former FDD combatants);Unknown;Unknown;FRODEBU (party);Farida + man, former CNDD-FDD combatants who joined FRODEBU;Unknown;Unknown;na;2: medium;"HRW (2009) ""Pursuit of Power: Political Violence and Repression in Burundi"" p.57, p.75";Organisation des Médias d’Afrique Centrale, “Actualité burundaise du 20 Février 2009,” electronic bulletin received by Human Rights Watch February 21, 2009;2009-02-19;19-Feb-2009;1;na;unknown;Kinama commune;Kinama;Ntahangwa (Bujumbura Mairie);-3,324975;29,390436;3: neighbourhood ;0;2;0;0;2;2;2;1 unknown + 1 Male;0;0;0;0;0
BUJ09040201_00;Bujumbura;Burundi;516;assassination/murder;na;firearms;Unknown-FRODEBU;Unknown;Unknown (witnesses identified perpetrator as SNR agent Olivier Ndayishimiye, a claim denied by SNR);Male;Unknown;FRODEBU (party);FRODEBU elected official, Emmanuel Minyurano (after publically sympathising with FNL);Male;Unknown;na;2: medium;"Human Rights Watch, 2010 “We’ll Tie You Up and Shoot You” Lack of Accountability for Political Violence in Burundi. / HRW 2010 Country Summary Report / HRW 2009 ""Pursuit of Power: Political Violence and Repression in Burundi""";Witnesses / HRW interview of a judicial official;2009-04-02;2-Apr-2009;1;na;Unknown;in Kamenge commune;Kamenge;Ntahangwa (Bujumbura Mairie);-3,345540;29,386310;3: neighbourhood ;0;1;0;0;1;1;1;male;0;0;0;0;0
BUJ09040901_00;Bujumbura;Burundi;516;assassination/murder;na;sharp object;Unknown-Civilian;Unknown;"Unknown (The victim was investogating corruption practices among ruling party officials and it is widely believed his murder was linked to this work. Information from wikipedia: ""evidence pointed to the involvement of Burundi Police senior officer Colonel David Nikiza, the head of Burundi intelligence was also suspected according to individuals involved in the political assassination of Ernest Manirumva. His colleagues have alleged that Ernest Manirumva was probably killed as a result of his investigation on Burundi's ruling party CNDD FDD arms trafficking with Khartoum and Rwanda Genocide forces DRC based FDLR"" source: Wikipedia)";Unknown;Unknown;Civilian;Ernest Manirumva, anti-corruption activist;Male;Unknown;na;2: medium;"AFP 18/04/2009 ""High-profile murder has Burundi activists on edge"" / HRW 16/09/2009 ""Burundi: Find Killers of Anti-Corruption Activist"" / HRW 09/04/2019 ""Burundi: 10 Years On, Justice Denied for Murdered Activist"" - https://www.hrw.org/news/2019/04/09/burundi-10-years-justice-denied-murdered-activist ";"""police sources""";2009-04-09;9-Apr-2009;1;0:00;"""just after midnight""";"""at his home in the capital Bujumbura.""";Bujumbura;;-3,367151;29,376091;5: city-level precision only;0;1;0;0;1;1;1;Male;0;0;0;0;0
BUJ09042401_00;Bujumbura;Burundi;516;assassination/murder;na;Explosives;FNL-CNDD-FDD;FNL combatants;FNL combatants;Unknown;Unknown;CNDD-FDD;Jean-Marie Fumbu, CNDD-FDD member;Male;Unknown;na;1: high;"HRW (2009) ""Pursuit of Power: Political Violence and Repression in Burundi"" p.75";HRW;2009-04-24;24-Apr-2009;1;na;unknown;Kinama;Kinama;Ntahangwa (Bujumbura Mairie);-3,324975;29,390436;3: neighbourhood ;0;1;0;0;1;1;1;Male;0;0;0;0;0
BUJ09100901_00;Bujumbura;Burundi;516;assassination/murder;na;Unknown;Unknown-Civilian;Unknown;Unknown. Residents (neighbours) accuse demobilized CNDD-FDD combattants who were seeking to kill the victim's son, a prominent FNL member. However, authorities deny the political nature of the killing and say it's a case of banditry.;Unknown;Unknown;Civilian;Olive Ntezimana, mother of prominent FNL member;Female;Unknown;na;2: medium;Human Rights Watch, 2010 “We’ll Tie You Up and Shoot You” Lack of Accountability for Political Violence in Burundi.;"Human Rights Watch interviews with R.N., Kinama resident; with K.I., with FNL official, ; with I.A., FNL member; and with neighbors of the victim.";2009-10-09;9-Oct-2009;1;na;Unknown;in Carama, Kinama Commune;Carama, Kinama;Ntahangwa (Bujumbura Mairie);-3,326150;29,388110;3: neighbourhood ;0;1;0;0;1;1;1;Female;0;0;0;0;0
BUJ09112301_00;Bujumbura;Burundi;516;attack;na;Explosives;Unknown-CNDD-FDD;Unknown;Unknown (victim accuses FNL);Unknown;Unknown;CNDD-FDD;Albert Nkundwabanake, a CNDD-FDD member who is the 'chef de quartier' (neighbourhood chief) and leads the  Imbonerakure.;Male;Unknown;na;1: high;Human Rights Watch, 2010 “We’ll Tie You Up and Shoot You” Lack of Accountability for Political Violence in Burundi.;"Rema FM broadcast, November 24, 2009; Human Rights Watch interview with chef de quartier Albert Nkundwabanake";2009-11-23;23-Nov-2009;0;na;Unknown;in Carama, Kinama Commune;Carama, Kinama;Ntahangwa (Bujumbura Mairie);-3,326150;29,388110;3: neighbourhood ;0;0;0;0;0;0;0;;1;0;1;0;0
BUJ10011101_00;Bujumbura;Burundi;516;attack;na;Unknown;Pro-Govt (Imbonerakure, youth wing of CNDD-FDD) - Civilian;Pro-Govt: CNDD-FDD youth group (Imbonerakure);Members of the Imbonerakure - youth wing of the CNDD-FDD ruling party;Unknown;youths;Civilian;Member of the opposition party UPD-Zigamibanga;Female;Unknown;na;1: high;"AllAfrica 15/04/2012 ""Stop Pre-Election Violence, Hold Perpetrators Accountable [press release]""";Human Rights Watch;2010-01-11;11-Jan-2010;1;na;Unknown;Buyenzi, Bujumbura;Buyenzi;Mukaza (Bujumbura Mairie);-3,369504;29,359278;3: neighbourhood ;0;0;0;0;0;0;0;;1;0;1;0;0
BUJ10011801_00;Bujumbura;Burundi;516;clash;na;sharp object;CNDD-FDD-FNL;Pro-Govt: CNDD-FDD youth group (Imbonerakure);Members of the Imbonerakure - youth wing of the CNDD-FDD ruling party (several dozens);Unknown;Unknown;FNL members;FNL members;Unknown;Unknown;na;1: high;Human Rights Watch, 2010 “We’ll Tie You Up and Shoot You” Lack of Accountability for Political Violence in Burundi.;Human Rights Watch interviews with W.H. and I.A., FNL members, and interview with chef de quartier Carama, Albert Nkundwabanake;2010-01-18;18-Jan-2010;1;na;Unknown;At the FNL office in Carama;Carama, Kinama;Ntahangwa (Bujumbura Mairie);-3,326150;29,388110;3: neighbourhood ;0;0;0;0;0;0;0;;2;2;0;0;0
BUJ10011901_00;Bujumbura;Burundi;516;clash;na;blunt object;Pro-Govt (Imbonerakure, youth wing of CNDD-FDD) - FNL (party);Pro-Govt: CNDD-FDD youth group (Imbonerakure);Members of the Imbonerakure - youth wing of the CNDD-FDD ruling party (several dozens);Unknown;youths;FNL (party);Members of the FNL political party (several dozens);Unknown;Unknown;na;1: high;"AFP 20/01/2010 ""Burundi: 4 blessés dans des heurts entre jeunes du parti au pouvoir et FNL""";local administrator of Kinama, Emile Ndayarinze.;2010-01-19;19-Jan-2010;1;na;unknown;in Carama neighbourhood, Kinama Commune, in the north of Bujumbura;Carama, Kinama;Ntahangwa (Bujumbura Mairie);-3,317274;29,389555;3: neighbourhood ;0;0;0;0;0;0;0;;4;0;2;0;2
BUJ10020601_00;Bujumbura;Burundi;516;attack;na;firearms;Unknown-Govt;Unknown;2 soldiers in military uniform (could be national army soldiers);Male;Unknown;Govt;Military Camp soldiers;Unknown;Unknown;na;2: medium;[AFP, 06/02/2010] 'Burundi: un soldat tué dans une fusillade dans un camp (source militaire)';spokesman of the army, Colonel Gaspard Baratuza;2010-02-06;6-Feb-2010;1;5:30;"""This morning at dawn""";DCA camp in Ngagara (in the north of Bujumbura);Ngagara;Ntahangwa (Bujumbura Mairie);-3,352569;29,358447;3: neighbourhood ;0;1;0;0;1;1;1;Male;2;1;0;1;0
BUJ10040301_00;Bujumbura;Burundi;516;attack;na;blunt object;FNL-FNL Iragi rya Gahutu;FNL (party);FNL members;Unknown;Unknown;FNL-Iragi rya Gahutu;FNL-Iragi rya Gahutu (splinter group of FNL affiliated to CNDD-FDD);Unknown;Unknown;na;1: high;Human Rights Watch, 2010 “We’ll Tie You Up and Shoot You” Lack of Accountability for Political Violence in Burundi.;Human Rights Watch interviews with a Kinama resident and eyewitness, and with the chef de quartier Carama and with communal administrator Emile Ndayarinze, by telephone.;2010-04-03;3-Apr-2010;1;na;Unknown;Carama, Kinama Commune;Carama, Kinama;Ntahangwa (Bujumbura Mairie);-3,326150;29,388110;3: neighbourhood ;0;0;0;0;0;0;0;;2;0;2;0;0
BUJ10041001_00;Bujumbura;Burundi;516;clash;na;blunt object;Pro-Govt (Imbonerakure, youth wing of CNDD-FDD) - FNL (party);Pro-Govt: CNDD-FDD youth group (Imbonerakure);Members of the Imbonerakure - youth wing of the CNDD-FDD ruling party;Unknown;youths;FNL (party);Members of the FNL political party;Unknown;Unknown;na;1: high;"AFP 11/04/2010 ""Violences pré-électorales au Burundi: 4 blessés et 25 arrestations"" / AllAfrica 15/04/2010 ""Stop Pre-Election Violence, Hold Perpetrators Accountable [press release]""";local administrator of Kinama, Emile Ndayarinze.;2010-04-10;10-Apr-2010;1;na;Unknown;in the Carama neighborhood of Kinama Commune, in the north of Bujumbura;Carama, Kinama;Ntahangwa (Bujumbura Mairie);-3,318784;29,388590;3: neighbourhood ;0;0;0;0;0;0;0;;7;1;6;0;0
BUJ10050201_01;Bujumbura;Burundi;516;attack;na;Unknown;FNL-CNDD-FDD;FNL (party);FNL members;Unknown;Unknown;CNDD-FDD;1 member of the CNDD-FDD;Unknown;Unknown;na;1: high;"Human Rights Watch (2010) ""Closing Doors? The Narrowing of Democratic Space in Burundi.""";HRW interview with FNL member;2010-05-02;2-May-2010;1;na;Unknown;in Kanyosha commune, Bujumbura;Kanyosha;Muha (Bujumbura Mairie);-3,437000;29,359100;3: neighbourhood ;0;0;0;0;0;0;0;;1;0;1;0;0
BUJ10050201_02;Bujumbura;Burundi;516;attack;na;blunt object;CNDD-FDD-FNL;CNDD-FDD;CNDD-FDD members / Imbonerakure;Unknown;Unknown;FNL members;FNL members;male;Unknown;na;1: high;"Human Rights Watch (2010) ""Closing Doors? The Narrowing of Democratic Space in Burundi.""";HRW interview with FNL member;2010-05-02;2-May-2010;1;na;Unknown;on 1st Avenue, in Kanyosha commune, Bujumbura.;Kanyosha;Muha (Bujumbura Mairie);-3,424789;29,358269;2: within a small radius of an exact location (e.g. “near the town hall”);0;0;0;0;0;0;0;;3;0;3;0;0
BUJ10051301_00;Bujumbura;Burundi;516;assassination/murder;na;firearms;Unknown-Civilian;Unknown;"One article mentions ""persons in police uniforms"" and MSD leader (A. Sinduhije) accuses agents pof the national intelligence services (Govt) of being behind the killing. Context: with upcoming elections, incidents of violence have included govt and members of the ruling party intimidating opposition parties. ";Unknown;Unknown;Civilian;Eddy Munezero, small-scale trader/merchant and singer member of the MSD party (Mouvement pour la solidarité et le développement);Male;27;na;2: medium;"Reuters, 14/05/2010 ""Tension au Burundi après la mort d'un militant d'opposition"" / ARIB 14/05/2010 http://www.arib.info/index.php?option=com_content&task=view&id=1875 ";Police sources confirmed the death;2010-05-13;17-May-2010;0;0:00;"""around midnigt"" (several articles mention different dates, either in the night between 13th and 14th of May, or between 16th and 17th of May)";"""near his home, at 17th avenue Nyakabiga I.""";Nyakabiga;Mukaza (Bujumbura Mairie);-3,371081;29,379708;2: within a small radius of an exact location (e.g. “near the town hall”);0;1;0;0;1;2;1;Male;0;0;0;0;0
BUJ10051901_00;Bujumbura;Burundi;516;clash;na;sharp object;Govt-Civilians;Govt (Police);Police officers;Unknown;Unknown;Civilians;Civilians as well as members of MSD party during a funeral procession for E. Munezero, member of MCD killed 5 days prior.;Unknown;Unknown;na;2: medium; [AFP, 19/05/2010] 'Violences et arrestations aux funérailles d'un militant de l'opposition'.;police spokesman, Pierre Chanel Ntarabaganyi and president of the MSD, Alexis Sinduhije;2010-05-19;19-May-2010;1;na;Unknown;in the streets of the capital, Bujumbura;Bujumbura;;-3,367151;29,376091;5: city-level precision only;0;0;0;0;0;0;0;;5;5;0;0;0
BUJ10052201_01;Bujumbura;Burundi;516;clash;na;Unknown;CNDD-FDD-FNL;CNDD-FDD;CNDD-FDD members;Unknown;Unknown;FNL members;FNL members;Unknown;Unknown;na;1: high;"Human Rights Watch (2010) ""Closing Doors? The Narrowing of Democratic Space in Burundi.""";"Human Rights Watch interviews with Télévision Renaissance journalists; “Burundi : deux personnes tuées dans des violences électorales,” Pana, May 24, 2010, http://www.afriquejet.com/afrique-centrale/burundi/burundi:-deux-personnestuees-dans-des-violences-electorales-2010052449810.html (accessed June 20, 2010).";2010-05-22;23-May-2010;0;na;unknown;In Kanyosha;Kanyosha;Muha (Bujumbura Mairie);-3,437000;29,359100;3: neighbourhood ;0;2;0;0;2;2;2;Unknown;0;0;0;0;0
BUJ10052201_02;Bujumbura;Burundi;516;other;na;Without weapon/melee;CNDD-FDD-Journalists;CNDD-FDD;Members of the CNDD-FDD party;Unknown;Unknown;Journalists;2 TV journalists from Renaissance;Unknown;Unknown;na;1: high;"AFP 23/05/2010 ""Burundi: deux journalistes d'une télévision privée molestés""";Innocent Muhozi, director of Renaissance (TV channel);2010-05-22;23-May-2010;0;na;unknown;"""in the south of the capital""";Bujumbura;;-3,367151;29,376091;5: city-level precision only;0;0;0;0;0;0;0;;2;0;2;0;0
BUJ10052901_00;Bujumbura;Burundi;516;clash;na;sharp object;Govt-Civilians;Govt;Election commission agentes and Police officers;Unknown;Unknown;Civilians;Civilians in a large crowd, including members of FNL party;Unknown;Unknown;na;2: medium;"AFP 29/05/2010 ""Post-vote clashes erupt in Burundi""";area's administrator Emile Ndayarinze;2010-05-29;29-May-2010;1;na;Unknown;Kinama commune (later riot at Kinama market);Kinama;Ntahangwa (Bujumbura Mairie);-3,332456;29,381950;3: neighbourhood ;0;0;0;0;0;0;0;;3;0;0;0;3
BUJ10061201_01;Bujumbura;Burundi;516;attack;na;Explosives;Unknown-Civilians;Unknown;Govt sources blame the opposition. The opposition coalition blame the govt.;Unknown;Unknown;Civilians;4 civilians;Unknown;Unknown;na;2: medium;"AFP 13/06/2010 ""Grenade attacks in Burundi capital wound seven: police""";Police spokesman Pierre Chanel Ntarabaganyi.;2010-06-12;12-Jun-2010;1;20:00;between 20H00 (18H00 GMT) and 22H00 (20H00 GMT).;"""near the Saint Michel Church""";Rohero;Mukaza (Bujumbura Mairie);-3,377906;29,366468;2: within a small radius of an exact location (e.g. “near the town hall”);0;0;0;0;0;0;0;;4;0;4;0;0
BUJ10061201_02;Bujumbura;Burundi;516;attack;na;Explosives;Unknown-Civilians;Unknown;Govt sources blame the opposition. The opposition coalition blame the govt.;Unknown;Unknown;Civilian;1 civilian;Unknown;Unknown;na;2: medium;"AFP 13/06/2010 ""Grenade attacks in Burundi capital wound seven: police""";Police spokesman Pierre Chanel Ntarabaganyi.;2010-06-12;12-Jun-2010;1;20:00;between 20H00 (18H00 GMT) and 22H00 (20H00 GMT).;at the bus station (gare routière) in Kamenge;Kamenge;Ntahangwa (Bujumbura Mairie);-3,353762;29,383084;1: exact location (e.g. street, building, square);0;0;0;0;0;0;0;;1;0;1;0;0
BUJ10061201_03;Bujumbura;Burundi;516;attack;na;Explosives;Unknown-Govt;Unknown;Govt sources blame the opposition. The opposition coalition blame the govt.;Unknown;Unknown;Govt;Target: House of local representative of the ruling party (CNDD-FDD) - 2 civilians wounded including a child. ;Unknown;Unknown + 1 child;na;2: medium;"AFP 13/06/2010 ""Grenade attacks in Burundi capital wound seven: police""";Police spokesman Pierre Chanel Ntarabaganyi.;2010-06-12;12-Jun-2010;1;20:00;between 20H00 (18H00 GMT) and 22H00 (20H00 GMT).;in Cibitoke neighbourhood, at the house of a local representative of the CNDD-FDD;Cibitoke;Ntahangwa (Bujumbura Mairie);-3,340790;29,370480;3: neighbourhood ;0;0;0;0;0;0;0;;2;0;0;0;2
BUJ10061501_00;Bujumbura;Burundi;516;clash;na;firearms;Govt-FNL;Govt (Police);Police;Unknown;Unknown;FNL (party);FNL militants (supporters) surrounding the house of the FNL leader, Agathon Rwasa;Unknown;Unknown;na;1: high;"AFP 17/06/2010 ""Burundi opposition condemns 'attacks' by police"" / AFP 16/06/2010 ""Burundi: violences autour du domicile d'un ex-chef rebelle, des blessés""";Several sources including Pierre Claver Mbonimpa, President of the Association for the Protection of Prisoners and Human Rights (Aprodeh).;2010-06-15;15-Jun-2010;1;18:00;in the afternoon until late at night;Kiriri neighbourhood (one article mentions Mutanga, which borders Kiriri);Rohero;Mukaza (Bujumbura Mairie);-3,386860;29,385800;3: neighbourhood ;0;1;0;0;0;1;0;Male;15;0;15;0;0
BUJ10061601_00;Bujumbura;Burundi;516;attack;na;Explosives;Unknown-Unknown;Unknown;Unknown (climate of political tension where grenade attacks are common - Govt blames opposition for trying to destabilise the peace prior to the elections, opposition blames govt for trying to intimidate opposition parties);Unknown;Unknown;Unknown;Unknown (probable civilians);Unknown;Unknown;na;3: low;" [Xinhua News Agency 17/06/2010] ""Roundup: International community concerned over mounting violence ahead of presidential election in Burundi""";Unknown;2010-06-16;16-Jun-2010;1;na;Unknown;Kamenge;Kamenge;Ntahangwa (Bujumbura Mairie);-3,345540;29,386310;3: neighbourhood ;0;0;0;0;0;0;0;;2;0;0;0;2
BUJ10061901_00;Bujumbura;Burundi;516;assassination/murder;na;firearms;Unknown-CNDD-FDD;Unknown;unidentified armed men;Male;Unknown;CNDD-FDD;Head of the Youth League of the CNDD-FDD party in the district of Gisyo de la Kanyosha commune.;Male;"""young""";na;2: medium;"Le Service en français de Xinhua, 20/06/2010 ""Burundi: un militant du parti au pouvoir tué par des hommes armés en mairie de Bujumbura"" / AFP 22/06/2010 ""Burundi: trois morts dans de nouvelles violences et attaques à la grenade"" ";administrator of Kanyosha commune, Abraham Aoudou Bampoye;2010-06-19;19-Jun-2010;1;21:00;around 9pm;"""near his home in Kanyosha""";Kanyosha;Muha (Bujumbura Mairie);-3,437000;29,359100;3: neighbourhood ;0;1;0;0;1;1;1;Male;0;0;0;0;0
BUJ10062101_00;Bujumbura;Burundi;516;attack;na;Explosives;Unknown-Unknown;Unknown;Governemnt accuses opposition of causing instability prior to elections but opposition blames government for creating climate of insecurity and intimidation for opposition parties.;Unknown;Unknown;Unknown;Unknown (probable civilians);Unknown;Unknown;na;3: low;"AFP 22/06/2010 ""Burundi: trois morts dans de nouvelles violences et attaques à la grenade"" / AFP 22/06/2010 ""Three killed in Burundi violence""";Police spokesperson: major Pierre Chanel Ntarabaganyi.;2010-06-21;21-Jun-2010;1;20:00;around 8pm;"""in a bar in the Bwiza district of Bujumbura""";Bwiza;Mukaza (Bujumbura Mairie);-3,373130;29,368930;3: neighbourhood ;0;0;0;1;1;1;1;Unknown;6;0;0;0;6
BUJ10062301_00;Bujumbura;Burundi;516;other;na;blunt object;Govt-Opposition;Govt (SNR);National Intelligence Service (Service National de Reseignement, SNR);Unknown;Unknown;Opposition members;Members of opposition parties such as FNL and MSD;Unknown;Unknown;na;1: high;AMNESTY INTERNATIONAL Report, August 23 2010 - “A Step Backwards” – Torture and other Ill-Treatment by Burundi’s National Intelligence Service;Detainees interviewed by Amnesty International. Amnesty International also interviewed individuals who had witnessed key incidents of political violence, and representatives of local and international non-governmental organizations, journalists, diplomats and the United Nations for this report.;2010-06-23;5-Jul-2010;0;na;Unknown;In the SNR headquarters in Bujumbura;Bujumbura;;-3,367151;29,376091;5: city-level precision only;0;0;0;0;0;0;0;;9;0;9;0;0
BUJ10062301_01;Bujumbura;Burundi;516;other;na;Without weapon/melee;Govt-FNL;Govt (SNR);National Intelligence Service (Service National de Reseignement, SNR);Unknown;Unknown;FNL member;FNL member;Unknown (suspected male);Unknown;na;1: high;"Human Rights Watch (2010) ""Closing Doors? The Narrowing of Democratic Space in Burundi.""";HRW interviewed detainee;2010-06-23;15-Jul-2010;0;na;Unknown;In the SNR headquarters in Bujumbura;Bujumbura;;-3,367151;29,376091;5: city-level precision only;0;0;0;0;0;0;0;;1;0;1;0;0
BUJ10062401_00;Bujumbura;Burundi;516;attack;na;Explosives;Unknown-CNDD-FDD;Unknown;Governemnt accuses opposition of targetting CNDD-FDD members ahead of elections (but opposition denies this and blames Govt for creating insecurity ahead of elections);Unknown;Unknown;CNDD-FDD;Local representative of the ruling party (CNDD-FDD) - his son was wounded;Male;Unknown;na;2: medium;"AFP 25/06/2010 ""Burundi: une personne tuée et deux blessées dans de nouvelles violences""";Police spokesperson: major Pierre Chanel Ntarabaganyi.;2010-06-24;24-Jun-2010;1;3:00;"""in the night""";Nyakabiga (at the home of a local CNDD-FDD representative);Nyakabiga;Mukaza (Bujumbura Mairie);-3,374000;29,379220;3: neighbourhood ;0;0;0;0;0;0;0;;1;0;1;0;0
BUJ10062501_00;Bujumbura;Burundi;516;attack;na;Explosives;Unknown-FNL;Unknown;Unknown (climate of political tension where grenade attacks are common - Govt blames opposition for trying to destabilise the peace prior to the elections, opposition blames govt for trying to intimidate opposition parties. In this case, since FNL is targetted, possibility of attack being perpetrated by CNDD-FDD);Unknown;Unknown;FNL (party);Local official with the National Liberation Forces (FNL);Male;Unknown;na;1: high;"AFP 26/06/2010 ""Burundi: deux tués dans de nouveaux incidents violents"" / AFP 26/06/2010 ""Two more killed in Burundi ahead of presidential vote""";Police chief Pierre Chanel Ntarabaganyi;2010-06-25;26-Jun-2010;1;0:00;"""in the night between Friday and Saturday""";Kanyosha;Kanyosha;Muha (Bujumbura Mairie);-3,437000;29,359100;3: neighbourhood ;0;1;0;0;1;1;1;Male;2;0;0;0;2
BUJ10062502_00;Bujumbura;Burundi;516;assassination/murder;na;firearms;Unknown-Unknown;Unknown;Unknown;Unknown;Unknown;Unknown;"""a man"" - possible civilian but unknown";Male;Unknown;na;3: low;"AFP 26/06/2010 ""Burundi: deux tués dans de nouveaux incidents violents"" / AFP 26/06/2010 ""Two more killed in Burundi ahead of presidential vote""";local administrator Désiré Simbizi;2010-06-25;26-Jun-2010;1;0:00;"""in the night between Friday and Saturday""";Musaga;Musaga;Muha (Bujumbura Mairie);-3,412810;29,376350;3: neighbourhood ;0;1;0;0;1;1;1;Male;0;0;0;0;0
BUJ10062801_00;Bujumbura;Burundi;516;attack;na;Explosives;Unknown-Unknown;Unknown;Unknown (Government accuses opposition);Unknown;Unknown;Unknown;Unknown;Unknown;Unknown;na;3: low;"AFP 29/06/2010 ""Burundi: deux morts dans de nouvelles violences nocturnes""";Army spokesman Colonel Gaspard Baratuza;2010-06-28;29-Jun-2010;1;0:00;"""in the night between Monday and Tuesday""";Kamenge;Kamenge;Ntahangwa (Bujumbura Mairie);-3,345540;29,386310;3: neighbourhood ;0;0;0;0;0;0;0;;2;0;2;0;0
BUJ10062901_00;Bujumbura;Burundi;516;other;na;others;Govt-MSD;Govt (SNR);National Intelligence Service (Service National de Reseignement, SNR);Unknown;Unknown;MSD members;2 MSD members;Unknown;Unknown;na;1: high;"Human Rights Watch (2010) ""Closing Doors? The Narrowing of Democratic Space in Burundi.""";HRW interviewed detainees;2010-06-29;1-Jul-2010;0;na;Unknown;In the SNR headquarters in Bujumbura;Bujumbura;;-3,367151;29,376091;5: city-level precision only;0;0;0;0;0;0;0;;2;0;2;0;0
BUJ10070901_00;Bujumbura;Burundi;516;assassination/murder;na;firearms;Unknown-Unknown;Unknown;Unknown (authorities later arrested FNL members and charegd them with complicity of murder despite lack of evidence);Unknown;Unknown;Unknown;"""men believed to be CNDD-FDD members""";male;Unknown;na;2: medium;"Human Rights Watch (2010) ""Closing Doors? The Narrowing of Democratic Space in Burundi.""";Human Rights Watch interviews with victims’ neighbors and family members, Kanyosha, July 15, 2010;2010-07-09;9-Jul-2010;1;na;Unknown;In Ruziba, a neighbourhood in Kanyosha;Ruziba;Kanyosha;-3,474028;29,348347;3: neighbourhood ;0;2;0;0;2;2;2;male;0;0;0;0;0
BUJ10071501_00;Bujumbura;Burundi;516;other;na;Unknown;Govt-Unknown;Govt (SNR);National Intelligence Service (Service National de Reseignement, SNR);Unknown;Unknown;Unknown;The specific case does not mention any identity, however it appears in a section of the HRW report that explains torture of opposition members and political activists.;Unknown;Unknown;na;3: low;"Human Rights Watch (2010) ""Closing Doors? The Narrowing of Democratic Space in Burundi.""";Charles Petrie, BINUB Executive Representative of the Secretary General;2010-07-15;30-Nov-2010;0;na;Unknown;In the SNR headquarters in Bujumbura;Bujumbura;;-3,367151;29,376091;5: city-level precision only;0;0;0;0;0;0;0;;1;0;1;0;0
BUJ10102201_00;Bujumbura;Burundi;516;attack;na;firearms;Unknown-Govt;Unknown;Armed men in military uniform (could be FNL members: the administrator of the commune of Kanyosha claims the attack could be settling of scores between FNL and CNDD-FDD);Male;Unknown;Govt;Police;Unknown;Unknown;na;2: medium;"AFP 23/10/2010 ""Burundi: un policier blessé au cours d'une attaque""";Evariste Ndabakeneye,  administrator of Kanyosha commune;2010-10-22;22-Oct-2010;1;20:00;around 8pm;Kanyosha;Kanyosha;Muha (Bujumbura Mairie);-3,437000;29,359100;3: neighbourhood ;0;0;0;0;0;0;0;;1;0;1;0;0
BUJ10102501_00;Bujumbura;Burundi;516;attack;na;firearms;Unknown-Govt;Unknown;"""Armed bandits"" (could be FNL members: the target of the attack was the home of the head of national intelligence services, General Adolphe Nshimirimana, ""pillar of the Nkurunziza regime"")";Male;Unknown;Govt;General Adolphe Nshimirimana, head of national intelligence services, linked to the Nkurunziza regime;Male;Unknown;na;3: low;"AFP 26/10/2010 ""Burundi: huit morts dans des affrontements entre ""bandits"" et soldats"" / AFP 26/10/2010 ""Eight die in Burundi clashes""";General David Nikiza, Commissioner General of the West Police Region;2010-10-25;25-Oct-2010;1;3:00;"""in the night""";In Mugoboke, at the home of the head of the Burundian secret services in Bujumbura;Mugoboke;;-3,367151;29,376091;5: city-level precision only;0;0;0;0;0;0;0;;2;0;1;1;0
BUJ10120201_00;Bujumbura;Burundi;516;assassination/murder;na;firearms;Unknown-FRODEBU;Unknown;Unidentified armed men (threats found in his office by CNDD-FDD members telling him to join their party imply they might be involved in his killing);Male;Unknown;FRODEBU (party);Jean-Bosco Bugingo, chef de zone (local official) and member of FRODEBU;Male;31 years old;na;2: medium;HRW (2012) “You Will Not Have Peace While You Are Living”. The Escalation of Political Violence in Burundi. P.37;HRW interviews with people close to the victim.;2010-12-02;2-Dec-2010;1;3:00;"""on the night of Dec 2nd""";"""in his compound in Ruziba, Bujumbura Mairie"" (error here, I think Ruziba is in Bujumbura rural but within our coding perimeter)";Ruziba;Kanyosha;-3,474028;29,348347;3: neighbourhood ;0;1;1;0;2;2;2;2 Male;0;0;0;0;0
BUJ10120901_00;Bujumbura;Burundi;516;assassination/murder;na;firearms;Unknown-Civilian;Unknown;Unknown (Spokesperson of UPD party claims victim was targetted for his political stance and killed by people against his militantism for the UPD party. Could be group linked to the ruling CNDD-FDD party). HRW states that the victim has been pressured by CNDD-FDD into joining their movement but he refused, implying they could have wanted him dead. ;Unknown;Unknown;Civilian (UPD member);Cheikh Hamza Congera, imam and activist member of the UPD party;Male;Unknown;na;2: medium;"AFP 9/12/2010 ""Burundi: un imam et opposant politique assassiné en pleine rue""";various sources including Chauvineau Mugwengezo, spokesperson of the UPD party;2010-12-09;9-Dec-2010;1;5:00;around 5am;near his mosque in Buyenzi;Buyenzi;Mukaza (Bujumbura Mairie);-3,369300;29,359426;3: neighbourhood ;0;1;0;0;1;1;1;Male;0;0;0;0;0
BUJ10121401_00;Bujumbura;Burundi;516;assassination/murder;na;firearms;Unknown-Civilian;Unknown;Unidentified armed men - suspected FNL members (family members reported that victim and themselved had been threatened by FNL members);8 armed men;Unknown;Civilian (CNDD-FDD member);Désiré Hakizimana, fish trader and member of CNDD-FDD;Male;26 years old;na;1: high;HRW (2012) “You Will Not Have Peace While You Are Living”. The Escalation of Political Violence in Burundi. P.44;HRW interviews with people close to the victim.;2010-12-14;14-Dec-2010;1;21:00;evening;at his home, in Bujumbura town;Bujumbura;;-3,367151;29,376091;5: city-level precision only;0;1;0;0;1;1;1;Male;0;0;0;0;0
BUJ10123101_00;Bujumbura;Burundi;516;attack;na;Explosives;Unknown-Civilians;Unknown;Unknown (grenade placement in street among scraps of metal suggests aim to cause indiscriminate damage which could imply political violence. Article mentions Somali Shebab gorup and political instabiity in Burundi could be behind attacks). ;Unknown;Unknown;Civilians;Civilians (3 killed, 3 injured);Unknown;Unknown;na;3: low;"AFP 01/01/2011 ""Burundi grenade blast kills three""";Army spokesman Colonel Gaspard Baratuza;2010-12-31;31-Dec-2010;1;0:00;"""just before midnight""";in the Buyenzi neighbourhood;Buyenzi;Mukaza (Bujumbura Mairie);-3,369690;29,358150;3: neighbourhood ;0;3;0;0;3;3;3;Unknown;3;0;3;0;0
BUJ11020401_00;Bujumbura;Burundi;516;attack;na;firearms;Govt-Unknown;Govt;Army;Unknown;Unknown;Unknown;"""gang of criminals"" (context of rumours of armed rebellion starting up again, and article implies the neighbourhood where the killings happened had seen pamphlets to advocate for a rebellion).  ";Unknown;Unknown;na;3: low;"Le Service en français de Xinhua, 05/02/2011 ""Quatre personnes tuées par l'armée en pleine journée dans la capitale burundaise""";Colonel Gaspard Baratuza, army spokesman;2011-02-04;4-Feb-2011;1;15:00;"""just after 15.00""";Gihosha;Gihosha;Ntahangwa (Bujumbura Mairie);-3,363920;29,395810;3: neighbourhood ;0;4;0;0;4;4;4;Unknown;0;0;0;0;0
BUJ11021301_00;Bujumbura;Burundi;516;attack;na;firearms;Unknown-Govt;Unknown;"More than 50 armed men in military and police unifiorms. Police call them ""armed bandits"" but Human Right groups are accusing the government of extra-judicial killings of FNL members and other opposition party members and covering the killings up with the ""armed bandits"" discourse. ";Unknown + Male;Unknown;Govt;Police;Unknown;Unknown;na;2: medium;"Xinhua News Agency 14/02/2011 ""Gunmen attack police post in Burundi's capital Bujumbura""";witnesses and the administrator of Kanyosha, Abraham Aoudou Bampoye;2011-02-13;13-Feb-2011;1;3:00;"""Sunday night""";Ruziba in the community of Kanyosha (note: Kanyosha can refer to an area of Bujumbura Rural in the east, or a neighbourhood of Bujumbura Mairie in the south. We will use Ruziba located in the latter to code this event);Ruziba;Kanyosha;-3,474028;29,348347;3: neighbourhood ;1;0;0;0;1;1;1;Male;2;0;0;0;2
BUJ11022001_00;Bujumbura;Burundi;516;assassination/murder;na;firearms;Unknown-Civilian;Unknown;Suspected Imbonerakure (Pro-Govt): neighbours state they saw members of the Imbonerauke follow the victim home the evening of his death. ;Unknown;Unknown;Civilian (FNL member);"Pasteur Mpaganje (aka ""Giswi""), FNL member in Ruziba local community";Male;39 years old;na;1: high;HRW (2012) “You Will Not Have Peace While You Are Living”. The Escalation of Political Violence in Burundi. P.32;HRW interviews with persons close to the victim and letter from V. Bagorikunda, prosecutor General;2011-02-20;28-Feb-2011;0;21:00;"""evening in late february""";at his home in Ruziba, Bujumbura;Ruziba;Kanyosha;-3,474028;29,348347;3: neighbourhood ;0;1;0;0;1;1;1;Male;0;0;0;0;0
BUJ11030701_00;Bujumbura;Burundi;516;attack;na;firearms;Govt-former FNL;Govt (SNR);Cyrille Nahimana (SNR agent) + 3 police officers;Make;Unknown;Former FNL combatant;Audace Vianney Habonarugira, former (demobilized) FNL commander;Male;28 years old;na;1: high;HRW (2012) “You Will Not Have Peace While You Are Living”. The Escalation of Political Violence in Burundi. P.22;The victim, A. Habonarugira, interviewed by HRW as well as other interviews with relatives and friends of victim.;2011-03-07;7-Mar-2011;1;7:00;"""eraly morning""";"""a 100 meters from my house"" in Kamenge";Kamenge;Ntahangwa (Bujumbura Mairie);-3,345540;29,386310;3: neighbourhood ;0;0;0;0;0;0;0;;1;0;1;0;0
BUJ11040701_00;Bujumbura;Burundi;516;assassination/murder;na;Unknown;FNL-CNDD-FDD;FNL (party);FNL (party) (article strongly implies);Unknown;Unknown;CNDD-FDD;3 members of the CNDD-FDD;Unknown;Unknown;na;1: high;"AFP 15/04/2011 ""Three killed in Burundi unrest""";Unknown;2011-04-07;7-Apr-2011;1;na;Unknown;Ruziba in the community of Kanyosha (note: Kanyosha can refer to an area of Bujumbura Rural in the east, or a neighbourhood of Bujumbura Mairie in the south. We will use Ruziba located in the latter to code this event);Ruziba;Kanyosha;-3,474028;29,348347;3: neighbourhood ;0;3;0;0;3;3;3;;0;0;0;0;0
BUJ11041401_00;Bujumbura;Burundi;516;assassination/murder;na;firearms;Unknown-FNL;Unknown;"Locals, witnesses and family blame the secret services (govt); a local official said the attack was carried out by ""armed bandits"", a term routinely employed by the government to explain the wave of killings.";Unknown;Unknown;FNL (party);Innocent Ngendakuriyo and his 20-year-old son, who were FNL party members.;Male + Male;Unknown + 20 years old;na;1: high;"AFP 15/04/2011 ""Three killed in Burundi unrest""";witnesses, a family member and a local official;2011-04-14;15-Apr-2011;1;0:00;"""around midnight""";On the outskirts of the capital Bujumbura;Bujumbura;;-3,367151;29,376091;5: city-level precision only;0;2;0;0;2;2;2;Male + Male;0;0;0;0;0
BUJ11041402_00;Bujumbura;Burundi;516;attack;na;firearms;Unknown-Civilian;Unknown;"Locals blame the police and a group of ruling party youth (Imbonerakure); Police blame ""armed bandits""";Unknown;Unknown;Civilians;4 civilians wounded;Unknown;Unknown;na;3: low;"AFP 15/04/2011 ""Three killed in Burundi unrest""";locals and police spokesman Pierre Chanel Ntarabaganyi;2011-04-14;15-Apr-2011;1;3:00;"""overnight""";In Ruziba area;Ruziba;Kanyosha;-3,474028;29,348347;3: neighbourhood ;0;0;0;0;0;1;0;Unknown;4;0;4;0;0
BUJ11041403_00;Bujumbura;Burundi;516;assassination/murder;na;firearms;Unknown-Civilian;Unknown;Family blames Imbonerakure;"Male (""gunmen"")";Unknown;Civilian;Wilson Ndayishimiye, 4 year old boy, son of two FNL members.;Male;4 years old;na;1: high;HRW (2012) “You Will Not Have Peace While You Are Living”. The Escalation of Political Violence in Burundi. P.33;HRW interviews with persons close to victim.;2011-04-14;17-May-2011;0;3:00;In the night;at his house in Ruziba, Bujumbura;Ruziba;Kanyosha;-3,474028;29,348347;3: neighbourhood ;0;1;0;0;1;1;1;Male;0;0;0;0;0
BUJ11051601_00;Bujumbura;Burundi;516;attack;na;Explosives;Unknown - Pro-Govt;Unknown;Unknown (Govt has accused FNL Rwasa faction of being behind political violence that is frequent this year);Male;Unknown;Pro-Govt;CNDD-FDD and Imbonerakure (Target was a bar where Imbonerakure and CNDD-FDD members often hang out.);Male + Unknown;Unknown;na;2: medium;"AFP 17 May 2011 ""Burundi: une grenade jetée dans un bar à Bujumbura, un mort et neuf blessés""";Witnesses, local administrator Abraham Bampoye, anonymous police officer. ;2011-05-16;16-May-2011;1;21:00;evening;In a bar in Kanyosha, a southern neighbourhood of Bujumbura (indicating this is the Kanyosha included in Bujumbura Mairie);Kanyosha;Muha (Bujumbura Mairie);-3,437000;29,359100;3: neighbourhood ;0;0;0;1;1;1;1;Male;9;0;0;0;9
BUJ11052101_00;Bujumbura;Burundi;516;attack;na;firearms;Unknown-CNDD-FDD;Unknown;"A dozen men in military uniform - ""armed bandits"" - suspected FNL (Govt has accused FNL Rwasa faction of being behind political violence that is frequent this year. Witnesses claim the attackers were singing FNL combat songs)";Male;Unknown;Pro-Govt;CNDD-FDD party members (target was a bar where CNDD-FDD members often hang out);Unknown;Unknown;na;2: medium;"AFP 29/05/2011 ""Burundi: 4 civils tués dans une attaque en périphérie de Bujumbura"" / AllAfrica 6/06/2011 ""4 civils tués au fief d'un parlementaire"" / HRW (2012) “You Will Not Have Peace While You Are Living”. The Escalation of Political Violence in Burundi. P.46";Local administrator of Kanyosha commune, Abdul Bampoye;2011-05-21;28-May-2011;0;21:00;around 21.00;"in a restaurant in the neighborhoods of Nkenga and Busoro of the urban commune of Kanyosha
HRW report states ""a bar in Bisoro"" - cannot find either Busoro or Bisoro.";Nkenga, Kanyosha;Muha (Bujumbura Mairie);-3,438000;29,365500;3: neighbourhood ;0;0;0;4;4;4;4;;3;0;0;0;3
BUJ11062101_00;Bujumbura;Burundi;516;attack;na;firearms;Unknown-Govt;Unknown;unidentified armed group in police uniforms (context suggests renewal of violence from FNL faction. In other articles in the same period, government sources accuse FNL of attacks of this kind).;Unknown;Unknown;Govt;Army position ;Unknown;Unknown;na;2: medium;"AFP 22/06/2011 ""Burundi: au moins cinq morts dans trois attaques distinctes""";witnesses and a local administrative official, Richard Nininahazwe;2011-06-21;21-Jun-2011;1;23:00;around 23.00;In the Musaga neighbourhood, about 2km from Bujumbura city centre;Musaga;Muha (Bujumbura Mairie);-3,412810;29,376350;3: neighbourhood ;1;1;0;0;2;2;2;Male;0;0;0;0;0
BUJ11071401_00;Bujumbura;Burundi;516;assassination/murder;na;firearms;Govt-former FNL;Govt (SNR);Police officers and men in military uniforms (since the victim had already been targetted by Cyrille Nahimana (SNR agent) and the police, it is reasonable to assume the perpetrators are the same than in case BUJ11030701-00);Male;Unknown;Former FNL combatant;Audace Vianney Habonarugira, former (demobilized) FNL commander and Claude Kwizera, believed to be a demobilized FNL combatant and friend of Habonarugira;2 Male;28 years old + unknown;na;1: high;HRW (2012) “You Will Not Have Peace While You Are Living”. The Escalation of Political Violence in Burundi. P.24;HRW interviews with persons close to victim;2011-07-14;15-Jul-2011;0;0:00;between 6pm on 14th and morning on 15th;Abducted from Bujumbura (where they were in hiding) and taken to Gasamanzuki in Isare commune (Bujumbura Rural) to be killed;Bujumbura;;-3,367151;29,376091;5: city-level precision only;0;2;0;0;2;2;2;Male;0;0;0;0;0
BUJ11080701_00;Bujumbura;Burundi;516;clash;na;firearms;Govt-Unknown;Govt (Police);Police;Unknown;Unknown;Unknown;"unidentified ""armed bandits"" hiding in a house supposedly owned by an ex-FNL combattant. Witnesses claim the victims killed were FNL combattants but the police say they were ""armed bandits"".";Unknown;Unknown;na;2: medium;"AFP 7/07/2011 ""Burundi: trois ""bandits armés"" tués dans un quartier du sud de la capitale""";Local administrator of Kanyosha commune, Abdul Bampoye;2011-08-07;7-Aug-2011;1;12:00;"""around midday""";"""in a houe in the Ruziba zone"" of Kanyosha";Ruziba;Kanyosha;-3,474028;29,348347;3: neighbourhood ;0;3;0;0;3;3;3;Unknown;0;0;0;0;0
BUJ11090501_00;Bujumbura;Burundi;516;clash;na;firearms;Govt-Unknown;Govt (Police);Police;Unknown;Unknown;Unknown;"Suspected FNL: Govt sources claim the ""armed bandits"" were FNL members of the Rwasa faction starting a new rebellion. One of the victims was said to be an ex police officer who later joined the FNL (Edouard Ruvayanga)";Male;Unknown;na;1: high;"Reuters News 06/09/2011 ""Burundi police kill two in shootout in capital"" / AFP 06/09/2011 ""Burundi : deux ""bandits armés"" tués dans une fusillade avec la police à Bujumbura""";Police spokesperson: major Pierre Chanel Ntarabaganyi.;2011-09-05;5-Sep-2011;1;17:00;"""around 5pm""";In the Kinindo neighbourhood;Kinindo;Muha (Bujumbura Mairie);-3,408010;29,353030;3: neighbourhood ;0;2;0;0;2;2;2;Male;0;0;0;0;0
BUJ13052801_00;Bujumbura;Burundi;516;riot/violent protest;na;blunt object;Govt-Civilians;Govt;Police;Unknown;Unknown;Civilians;Mostly Tutsi civilians from Nagara neighbourhood, protesting the expulsion of a Tutsi family from a house originally owned by a Hutu victim of the 1972 genocide. ;Unknown;Unknown;na;1: high;"AFP 28/05/2013 ""Burundi: scènes d'émeutes à Bujumbura lors d'une restitution liée aux massacres de 1972"" / AFP 7/06/2013 ""Burundi, a nation divided over land"" / AllAfrica 29/05/2013 ""Les conflits fonciers provoquent des émeutes sur fond de tensions ethniques""";A spokesperon of the Tutsi youth, CNTB president Pierre-Claver Sinzinkayo, police sources ;2013-05-28;28-May-2013;1;9:00;started in the morning, police action started around midday [AllAfrica 29/05/2013];Ngagara;Ngagara;Ntahangwa (Bujumbura Mairie);-3,352569;29,358447;3: neighbourhood ;0;0;0;0;0;0;0;;14;4;10;0;0
BUJ14021601_00;Bujumbura;Burundi;516;riot/violent protest;na;blunt object;Govt-UPRONA;Govt (Police);Police;Unknown;Unknown;UPRONA (party);UPRONA party members (civilians) outside the headquarters of the party (UPRONA which had been part of the presidential coalition withdrew support for P. Nkurunzuzia and CNDD-FDD causing political and ethnic tensions);Unknown;Unknown;na;1: high;"Reuters, 16/02/2014 ""Burundi police try to stop party meeting as crisis deepens - witnesses""  / AFP, 16/02/2014 ""La police disperse un rassemblement d'opposants tutsi au Burundi""";"witnesses; Burundi's interior minister Edouard Nduwimana; UPRONA deputy chairman Evariste Ngayimpenda";2014-02-16;16-Feb-2014;1;na;unknown;At the headquarters of the UPRONA party in Bujumbura;Bujumbura;;-3,367151;29,376091;5: city-level precision only;0;0;0;0;0;0;0;;5;2;3;0;0
BUJ14030801_00;Bujumbura;Burundi;516;clash;na;firearms;Govt-MSD;Govt (Police);Police;Unknown;Unknown;MSD (party) - Mouvement pour la Solidarité et la Démocratie;MSD party members;Unknown;Unknown;na;1: high;"Reuters 09/03/2014 ""Burundi police clash with opposition members, 15 injured"" / AllAfrica, 10/03/2014 ""Violents affrontements entre policiers et opposants"" / AFP 12/03/2014 ""Burundi: un chef de l'opposition et 71 militants inculpés d'""insurrection""";witnesses, police spokesman Hermenegilde Harimenshi;2014-03-08;8-Mar-2014;1;15:00;"""late on Saturday"" (but seems events lasted several hours, and started with a ""collective run"" in the afternoon.";At the headquarters of the MSD party in Bujumbura;Bujumbura;;-3,367151;29,376091;5: city-level precision only;0;0;0;0;0;0;0;;25;5;20;0;0
BUJ14031601_00;Bujumbura;Burundi;516;attack;na;Explosives;Unknown-UPRONA;Unknown;unidentified armed men;Unknown;Unknown;UPRONA (party);Gaston Sindimwo, general secretary of UPRONA party;Male;49;na;2: medium;"Le Service en français de Xinhua, 17/03/2014, ""Burundi : attaque à la grenade contre la résidence d'un homme politique"" / more info at: ZEGABI 18/03/2014 - https://www.zegabi.com/articles/7856 ";"""popular sources""";2014-03-16;16-Mar-2014;1;23:45;"""around 23:45""";"""At M. Gaston Sindimwo's residence in Bujumbura"" (found online that he lived in Nyakabiga)";Nyakabiga;Mukaza (Bujumbura Mairie);-3,374000;29,379220;3: neighbourhood ;0;0;0;0;0;0;0;;2;0;1;1;0
BUJ14051601_00;Bujumbura;Burundi;516;attack;na;Explosives;Unknown-UPRONA;Unknown;Unknown;Unknown;Unknown;UPRONA (party);Gaston Sindimwo, general secretary of UPRONA party;Male;49;na;2: medium;Agence Bujumbura News, 17/05/2014 - https://bujanews.wordpress.com/2014/05/17/attaque-a-la-grenade-au-domicile-de-gaston-sindimwo/ / Isanganiro, 18/05/2014 - https://isanganiro.org/2014/05/18/encore-une-attaque-a-la-grenade-chez-gaston-sindimwo/;Unknown / a female neighbour;2014-05-16;16-May-2014;1;19:30;"""around 19:30""";At M. Gaston Sindimwo's residence in Bujumbura, in Nyakabiga Commune;Nyakabiga;Mukaza (Bujumbura Mairie);-3,374000;29,379220;3: neighbourhood ;0;0;0;0;0;0;0;;10;0;0;10;0
BUJ14100901_00;Bujumbura;Burundi;516;attack;na;sharp object;Unknown-Civilians;Unknown;"Unknown (authorities claim violence is caused by armed bandits, and common criminals, however in the weeks and months surrounding this attack, other similar attacks have been reported in the Bujumbura Rural province (oustide of the scope of our coding) where armed men dressed in ""long black coats"" as described by witnesses, seem to be part of a newly formed rebel group. Furthermore, opposition members and civil society representatives have accused the Imbonerakure of being behind these attacks (claims mentioned in other articles). ";Unknown;Unknown;Civilians;2 civilian men;Male;Unknown;na;3: low;"BBC Monitoribng Africa (taken from RFI), 10/11/2014 ""Unknown armed gangs launching machete attacks in Burundi""";Esdras Ndikumana, RFI;2014-10-09;9-Oct-2014;1;na;unknown;"""in Musaga, hardly three km south of the Central Business District.""";Musaga;Muha (Bujumbura Mairie);-3,412810;29,376350;3: neighbourhood ;0;0;0;0;0;0;0;;2;0;2;0;0
