id;city;country;country_id;type_of_violence;UCDP_event_id;weapon/method;side_a;side_a_identity;side_a_gender;side_a_age;side_b;side_b_identity;side_b_gender;side_b_age;additional_actors;cr_clarity;sources;sources_original;date_start;date_end;date_precision;time;where;neighbourhood/area;admin_area;latitude;longitude;geoprecision;deaths_a;deaths_b;deaths_other;deaths_unknown;deaths_best;deaths_high;deaths_low;deaths_gender;injuries_total;injuries_a;injuries_b;injuries_others;injuries_na
IMP10011601_00;Imphal;India;750;attack;94604;firearms;militants;unknown;unknown;unknown;Assam rifles;unknown;unknown;unknown;no;2: medium;"Imphal Free Press, ""Two killed, three held by commandos,"" 17 January 2010";;2010-01-16;2010-01-16;1;07:00 p.m.;Wakha Lambi Yangbi Khunou under Porompat police station, Imphal East;;;24,806533;93,959298;3: neighbourhood ;2;0;0;0;2;2;2;unknown;0;0;0;0;0
IMP10011901_00;Imphal;India;750;attack;na;explosives;unknown;unknown;unknown;unknown;civilians;unknown;unknown;unknown;no;3: low;GTD Event ID: 201001190016;;2010-01-19;2010-01-19;1;unknown;Noremthong, Imphal West;;;24,807713;93,919785;3: neighbourhood ;0;0;0;0;0;0;0;;2;0;2;0;0
IMP10012501_00;Imphal;India;750;attack;na;explosives;unknown;unknown;unknown;unknown;police personnel;unknown;3 men;unknown;no;3: low;"United News of India, ""Three policemen injured in twin blast,"" 25 January 2010";Police;2010-01-25;2010-01-25;1;evening;near the Commando complex and Manipur Mountaineering and Trekking Association office at Minuthong, Imphal East;;;24,814353;93,948433;2: within a small radius of an exact location (e.g. “near the town hall”);0;0;0;0;0;0;0;;3;0;3;0;0
IMP10022301_00;Imphal;India;750;assassination/murder;na;firearms;unknown;unknown;unknown;unknown;xKYKL (MDF);unknown;1 man;23;no;3: low;GTD Event ID: ?201002230032;;2010-02-23;2010-02-23;1;unknown;?campus of the North East Institute of Science and Technology, Lamphel, Imphal West;;;24,823632;93,911252;1: exact location (e.g. street, building, square);0;1;0;0;1;1;1;1 man;0;0;0;0;0
IMP10040901_00;Imphal;India;750;attack;na;explosives;militants;unknown;unknown;unknown;civilians;unknown;1 woman;18;no;2: medium;"GTD Event ID: 201004090010; Imphal Free Press, ""Girl hurt in grenade explosion at ex-Speaker's residence,"" 9 April 2010";;2010-04-09;2010-04-09;1;06:30 a.m.;New Lambulane, under Porompat police station, Imphal East;;;24,809523;93,948434;3: neighbourhood ;0;0;0;0;0;0;0;;1;0;1;0;0
IMP10042001_00;Imphal;India;750;clash;na;without weapon/melee;KCP;unknown;unknown;2 youths;civilians;unknown;unknown;unknown;no;1: high;"Imphal Free Press, ""Residents give extortionist bitter medicine,"" 20 April 2010";;2010-04-20;2010-04-20;1;09:30 a.m.;Soibam Leikai Mari Leirak, under Porompat police station, Imphal East;;;24,806533;93,959298;3: neighbourhood ;0;0;0;0;0;0;0;;1;0;1;0;0
IMP10042501_00;Imphal;India;750;assassination/murder;na;firearms;militants;unknown;unknown;unknown;civilians;unknown;2 men;60, 63;no;3: low;"Imphal Free Press, ""State NCP vice president shot dead,"" 25 April 2010";;2010-04-25;2010-04-25;1;07:00 p.m.;Luxmi Hotel, New Checkon, under Porompat police station, Imphal East;;;24,808285;93,949787;3: neighbourhood ;0;1;0;0;1;1;1;1 man;1;0;1;0;0
IMP10070601_00;Imphal;India;750;attack;na;explosives;militants;unknown;unknown;unknown;civilians;unknown;3 men;55, 60 , 40;no;2: medium;"Assam Tribune, ""Ultra gunned down in Manipur, arms seized,"" 6 July 2010; Imphal Free Press, ""Bomb rocks Langol View Hospital,"" 6 July 2010";Police;2010-07-06;2010-07-06;1;02:30 p.m.;in front of Langol View Clinic, Imphal West;;;24,812344;93,924173;1: exact location (e.g. street, building, square);0;0;0;0;0;0;0;;3;0;3;0;0
IMP10073101_00;Imphal;India;750;attack;na;explosives;militants;unknown;unknown;unknown;civilians;unknown;5 men, 1 woman;unknown;no;2: medium;"The Hindu, ""Six injured in grenade blast at workshop in Imphal,"" 8 August 2010";;2010-07-31;2010-07-31;1;night;at a workshop near the airport, Imphal West;;;24,754073;93,893172;2: within a small radius of an exact location (e.g. “near the town hall”);0;0;0;0;0;0;0;;6;0;6;0;0
IMP10080201_00;Imphal;India;750;assassination/murder;na;firearms;militants;unknown;unknown;unknown;civilians;unknown;unknown;unknown;no;2: medium;GTD Event ID: ?201008020001;;2010-08-02;2010-08-02;1;unknown;Kongba Laishram Leikai, Imphal East;;;24,776617;93,958871;3: neighbourhood ;0;1;0;0;1;1;1;unknown;0;0;0;0;0
IMP10080601_00;Imphal;India;750;attack;na;explosives;militants;unknown;unknown;unknown;civilians;unknown;unknown;unknown;no;2: medium;"Indo-Asian News Service, ""Six injured in Manipur grenade attack,"" 6 August 2010";Police;2010-08-06;2010-08-06;1;07:30 p.m.;steel fabrication unit in the Sangaiprou area, Imphal West;;;24,751138;93,909537;3: neighbourhood ;0;0;0;0;0;0;0;;6;0;6;0;0
IMP10082101_00;Imphal;India;750;assassination/murder;na;firearms;unknown;unknown;unknown;unknown;IRBN;unknown;1 man;30;no;3: low;"Imphal Free Press, ""One shot dead, girl killed in mishap, one beaten to death,"" 22 August 2010";;2010-08-21;2010-08-21;1;10:15 p.m.;Kongba Nongthongbam Leikai near a dispensary along the Kongba Keikhu IV road, Imphal East;;;24,761684;93,953487;3: neighbourhood ;0;1;0;0;1;1;1;1 man;0;0;0;0;0
IMP10090201_00;Imphal;India;750;attack;na;firearms;rebels;unknown;unknown;unknown;police personnel;unknown;unknown;unknown;no;2: medium;"The Hindu, ""Extortion now by thugs posing as rebels,"" 3 September 2010";;2010-09-02;2010-09-02;1;night;near the Tulihal airport, Imphal West;;;24,754073;93,893172;2: within a small radius of an exact location (e.g. “near the town hall”);1;0;0;0;1;1;1;unknown;0;0;0;0;0
IMP10120601_00;Imphal;India;750;attack;na;explosives;militants;unknown;unknown;unknown;civilians;unknown;unknown;unknown;no;2: medium;GTD Event ID: 201012060004;;2010-12-06;2010-12-06;1;unknown;Nagamapal Market, Imphal West;;;24,810806;93,933329;2: within a small radius of an exact location (e.g. “near the town hall”);0;0;0;0;0;0;0;;5;0;5;0;0
IMP11011101_00;Imphal;India;750;assassination/murder;na;firearms;militants;unknown;unknown;unknown;civilians;unknown;1 man;60;no;3: low;"Time of India, ""UCM supports agitation against Kunjabihari killing,"" 27 January 2011; Assam Tribune, ""Manipur secondary board chief shot,"" 12 January 2011";;2011-01-11;2011-01-11;1;unknown;Babupara, Imphal East;;;24,799684;93,942418;3: neighbourhood ;0;1;0;0;1;1;1;1 man;0;0;0;0;0
IMP11012101_00;Imphal;India;750;attack;na;explosives;KCP (Lalheiba faction);unknown;6 men, 1 woman;unknown;civilians;unknown;1 woman;unknown;no;1: high;"United News of India, ""Seven ultras arrested,"" 23 January 2011";Police;2011-01-21;2011-01-21;1;unknown;Telipati, Imphal East;;;24,814172;93,953398;3: neighbourhood ;0;0;0;0;0;0;0;;1;0;1;0;0
IMP11021001_00;Imphal;India;750;attack;na;explosives;KCP;unknown;unknown;unknown;civilians;unknown;unknown;unknown;no;1: high;"Assam Tribune, ""One killed in grenade attack,"" 10 February 2011; United News of India, ""Manipur rebel leader held in Kohima,"" 18 February 2011";Police;2011-02-10;2011-02-10;1;04:00 p.m.;Singjamei Chongtham Leikai, Imphal West;;;24,778423;93,936516;3: neighbourhood ;0;1;0;0;1;1;1;1 man;5;0;0;5;0
IMP11022701_00;Imphal;India;750;attack;na;explosives;militants;unknown;unknown;unknown;civilians;unknown;unknown;unknown;no;2: medium;"Assam Tribune,"" 7 hurt in Imphal blast,"" 27 February 2011; Defence Journal, ""Security Analysis on the International, Regional and Domestic Fronts (Combined effort of PATHFINDER GROUP Task Force),"" 30 April 2011";;2011-02-27;2011-02-27;1;12:40 p.m.;"hardware shop at Hatta Makha Leikai road, Imphal East
";;;24,810082;93,949906;2: within a small radius of an exact location (e.g. “near the town hall”);0;0;0;0;0;0;0;;7;0;7;0;0
IMP11032701_00;Imphal;India;750;attack;na;firearms;rebels;unknown;unknown;unknown;civilians;unknown;1 man;30;no;2: medium;"The Times of India, ""Watchman of private mobile service provider shot at,"" 29 March 2011; Asian News International, ""Militants threat affecting telecom service of Manipur,"" 3 April 2011";;2011-03-27;2011-03-27;1;night;Kongba Laishram Leikai, Imphal East;;;24,799697;93,971137;3: neighbourhood ;0;0;0;0;0;0;0;;1;0;1;0;0
IMP11033001_00;Imphal;India;750;attack;na;explosives;militants;unknown;unknown;unknown;civilians;unknown;1 man;unknown;no;2: medium;GTD Event ID: 201103300007;;2011-03-30;2011-03-30;1;06:00 p.m.;Kwakeithel Thiyam Awang Leikai, Imphal West;;;24,791068;93,921376;2: within a small radius of an exact location (e.g. “near the town hall”);0;0;0;0;0;0;0;;1;0;1;0;0
IMP11040401_00;Imphal;India;750;assassination/murder;na;firearms;unknown;unknown;unknown;unknown;civilians;unknown;1 man;35;no;3: low;"The Times of India, ""Mobile tower watchman gunned down in Imphal,"" 6 April 2011";Police;2011-04-04;2011-04-04;1;08:30 p.m.;Wangkehi Wangkheimayum, Imphal East;;;24,792154;93,953619;3: neighbourhood ;0;1;0;0;1;1;1;1 man;0;0;0;0;0
IMP11052801_00;Imphal;India;750;attack;na;explosives;militants;unknown;unknown;unknown;civilians;unknown;unknown;unknown;no;3: low;"1 August 2011; India Blooms News Service, ""Scarlet Monday: Two school girls among five killed at Sangakpham bomb blast, seven injured,"" 16 August 2011";;2011-05-28;2011-05-28;1;unknown;a sports stadium (Khuman Lampak) complex, Imphal West;;;24,822523;93,952481;1: exact location (e.g. street, building, square);0;0;0;0;0;0;0;;3;0;3;0;0
IMP11080101_00;Imphal;India;750;attack;na;explosives;militants;unknown;unknown;unknown;civilians;unknown;3 men, 2 girls;10-57 years;no;2: medium;"Indo-Asian News Service, ""Five people killed in Manipur blast,"" 1 August 2011; Imphal Free Press, ""Scarlet Monday: Two school girls among five killed at Sangakpham bomb blast, seven injured,"" 1 August 2011; India Blooms News Service, ""Scarlet Monday: Two school girls among five killed at Sangakpham bomb blast, seven injured,"" 16 August 2011";police spokesperson, Chief Minister Okram Ibobi Singh;2011-08-01;2011-08-01;1;02:00 p.m.;Sangakpham market, near the ADC guest house which is located along NH 39, Imphal West;;;24,832969;93,946150;1: exact location (e.g. street, building, square);0;5;0;0;5;5;5;3 men, 2 girls;8;0;8;0;0
IMP11091501_00;Imphal;India;750;attack;na;explosives;unknown;unknown;unknown;unknown;civilians;unknown;3 men;38, 55, 35;no;3: low;"Assam Tribune, ""Blast victim succumbs to injuries,"" 15 September 2011";;2011-09-15;2011-09-15;1;07:25 p.m.;Royal Lodge hotel, near Raj Polyclinic hospital, Imphal West;;;24,815953;93,943003;1: exact location (e.g. street, building, square);0;1;0;0;1;1;1;1 man;2;0;2;0;0
IMP11091701_00;Imphal;India;750;assassination/murder;na;firearms;unknown;unknown;unknown;unknown;civilians;unknown;1 man;30;no;3: low;"The Press Trust of India Limited, ""Two Non-Manipuri persons shot dead,"" 18 September 2011; The Times of India, ""Two migrant workers dunned down in Imphal,"" 21 September 2011";Police;2011-09-17;2011-09-17;1;night;Nagamapal Soram Leirak, Imphal West;;;24,811659;93,932796;2: within a small radius of an exact location (e.g. “near the town hall”);0;1;0;0;1;1;1;1 man;0;0;0;0;0
IMP11091801_00;Imphal;India;750;assassination/murder;na;firearms;unknown;unknown;unknown;unknown;civilians;unknown;1 man;23;no;3: low;"The Press Trust of India Limited, ""Two Non-Manipuri persons shot dead,"" 18 September 2011; The Times of India, ""Two migrant workers dunned down in Imphal,"" 21 September 2011";Police;2011-09-18;2011-09-18;1;evening;Uripok Khoisnam Leikai, Imphal West;;;24,806885;93,930216;2: within a small radius of an exact location (e.g. “near the town hall”);0;1;0;0;1;1;1;1 man;0;0;0;0;0
IMP11102601_00;Imphal;India;750;attack;na;explosives;militants;unknown;unknown;unknown;civilians;unknown;unknown;unknown;no;2: medium;"GTD Event ID: 201110260023; Imphal Free Press, ""Twin bomb blasts darken festival of light celebration,"" 26 October 2011";;2011-10-26;2011-10-26;1;08:00 p.m.;on the staircase of Indian Overseas Bank, Imphal West;;;24,808940;93,934926;1: exact location (e.g. street, building, square);0;0;0;0;0;0;0;;4;0;4;0;0
IMP11102602_00;Imphal;India;750;attack;na;explosives;militants;unknown;unknown;unknown;civilians;unknown;unknown;unknown;no;2: medium;GTD Event ID: 201110260024;;2011-10-26;2011-10-26;1;08:00 p.m.;outside Milan Enterprises , across from Indian Overseas Bank, Imphal West;;;24,809006;93,934861;1: exact location (e.g. street, building, square);0;0;0;0;0;0;0;;3;0;3;0;0
IMP11102603_00;Imphal;India;750;attack;na;explosives;unknown;unknown;unknown;unknown;civilians;unknown;unknown;unknown;no;3: low;GTD Event ID: 201110260025;;2011-10-26;2011-10-26;1;10.30 p.m.;Canchipur, Imphal East;;;24,746487;93,937110;3: neighbourhood ;0;0;0;0;0;0;0;;2;0;0;2;0
IMP11111701_00;Imphal;India;750;attack;na;explosives;militants;unknown;unknown;unknown;civilians;unknown;unknown;unknown;no;2: medium;"The Press Trust of India Limited, ""Two injured in Manipur bomb blast,"" 17 November 2011";;2011-11-17;2011-11-17;1;02:30 p.m.;Uripok area, Imphal West;;;24,808966;93,918425;3: neighbourhood ;0;0;0;0;0;0;0;;2;0;2;0;0
IMP11113001_00;Imphal;India;750;attack;na;explosives;militants;unknown;1 man;51;civilians;unknown;2 women;25, 53;no;2: medium;"Times of Oman, ""Blast in northeast India ahead of PM visit,"" 30 November 2011; United News of India, ""1 injured in blast ahead of PM's visit during Manipur Tourism Fest,"" 30 November 2011; Asian News International, ""Bomb blast in Imphal kills one and injures three,"" 30 November 2011; Assam Tribune, ""Rickshawpuller killed in Manipur blast,"" 30 November 2011; India Blooms News Service, ""One killed, two injured in Manipur blast,"" 30 November 2011; The Times of India, ""Imphal: Blast ahead of PM visit, one killed,"" 1 December 2011";senior police official A. Singh;2011-11-30;2011-11-30;1;11:00 a.m.;50 metres away from the City Convention Centre, Hapta Kangjeibung, Imphal East;;;24,802319;93,948114;1: exact location (e.g. street, building, square);1;0;0;0;1;1;1;1 man;2;0;2;0;0
IMP11121401_00;Imphal;India;750;attack;na;explosives;unknown;unknown;unknown;unknown;civilians;unknown;2 women                                                           ;24, 28;no;3: low;"Imphal Free Pres, ""IED manages to slip PWD office security; three injured in blast inside building,"" 14 December 2011; Assam Tribune, ""Inquiry into Manipur blast,"" 16 December 2011";;2011-12-14;2011-12-14;1;01:30 a.m.;south block of Public Works Department, Khuyathong, Imphal West;;;24,814105;93,938379;1: exact location (e.g. street, building, square);0;0;0;0;0;0;0;;5;0;5;0;0
IMP11121801_00;Imphal;India;750;assassination/murder;na;firearms;KNO/KRA;Kuki;unknown;unknown;civilians;unknown;1 man;36;no;1: high;"The Press Trust of India Limited, ""1 killed by suspected Kuki ultras,"" 19 December 2011; Imphal Free Press, ""KNO/KRA claims shooting of individual involved in impersonating militant outfits,"" 19 December 2011";;2011-12-18;2011-12-18;1;10:30 p.m.; Khongsai Veng area, Imphal ;;;24,827907;93,953737;3: neighbourhood ;1;0;0;0;1;1;1;1 man;0;0;0;0;0
IMP12011001_00;Imphal;India;750;attack;na;explosives;PREPAK;unknown;unknown;unknown;civilians;unknown;unknown;unknown;no;1: high;"The Press Trust of India Limited, ""7 injured in grenade blast in poll-bound Manipur,"" 10 January 2012; GTD Event ID: 201201100011";Police;2012-01-10;2012-01-10;1;afternoon;Thangmeiband area, Imphal West (at the gate of the poll office of Trinamool Congress contestant Kh. Joykisan Singh of Thangmeiband Assembly constituency);;;24,820127;93,934076;3: neighbourhood ;0;0;0;0;0;0;0;;7;0;7;0;0
IMP12011301_00;Imphal;India;750;attack;na;firearms;police officers;unknown;unknown;unknown;militants;unknown;unknown;unknown;no;2: medium;"The Times of India, ""Three rebels gunned down in Imphal,""  14 January 2012";;2012-01-13;2012-01-13;1;07:30 p.m.;Toubungkhok village, Imphal West;;;24,781559;93,887684;3: neighbourhood ;0;3;0;0;3;3;3;unknown;0;0;0;0;0
IMP12012201_00;Imphal;India;750;attack;na;explosives;militants;unknown;unknown;unknown;civilians;unknown;unknown;unknown;no;2: medium;"The Press Trust of India Limited, ""Militants target Manipur Speaker's house: one killed,"" 22 January 2012; Indian Express, ""Militants target Manipur Speaker's house, 2 dead,"" 23 January 2012; The Times, ""1 killed,2 hurt in blast at Manipur speaker's house,"" 23 January 2012";Police;2012-01-22;2012-01-22;1;06:30 p.m.;Manipur Speaker's Bungalow, Singmei, Imphal West;;;24,809414;93,938104;1: exact location (e.g. street, building, square);1;0;0;0;1;1;1;unknown;3;0;3;0;0
IMP12012701_00;Imphal;India;750;attack;na;explosives;militants;unknown;unknown;unknown;civilians;unknown;unknown;unknown;no;2: medium;"The Press Trust of India Limited, ""One injured in bomb explosion in Manipur,"" 27 January 2012; The Telegraph, ""Manipur goes to polls today,"" 28 January 2012";;2012-01-27;2012-01-27;1;morning;Thangmeiband area, Imphal West;;;24,820127;93,934076;3: neighbourhood ;0;0;0;0;0;0;0;;1;0;0;0;1
IMP12042401_00;Imphal;India;750;attack;na;explosives;unknown;unknown;unknown;unknown;civilians;unknown;unknown;unknown;no;3: low;"Press Trust of India, ""Two hurt in Manipur blasts,"" 25 April 2012";;2012-04-24;2012-04-24;1;night;exploded near the residence of the executive engineer of Minor irrigation at Sagolband, Imphal West;;;24,798824;93,925298;3: neighbourhood ;0;0;0;0;0;0;0;;2;0;2;0;0
IMP12052001_00;Imphal;India;750;attack;na;explosives;militants;unknown;unknown;unknown;civilians;unknown;1 boy;11;no;2: medium;"Press Trust of India, ""Boy injured in bomb explosion,"" 20 May 2012; Meghalaya Times, ""11 Year old injured in Grenade attack,"" 20 May 2012";Police;2012-05-20;2012-05-20;1;03:30 a.m.;house of Superintendent Engineer of Irrigation and Flood control department S Dhanabir at Thangmeiband, Imphal West;;;24,820127;93,934076;3: neighbourhood ;0;0;0;0;0;0;0;;1;0;1;0;0
IMP12060301_00;Imphal;India;750;attack;na;explosives;rebels;unknown;unknown;unknown;civilians;unknown;3 men;45, 43, 34;no;2: medium;"The Times of India, ""Three hurt in Imphal grenade attack,"" 5 June 2012";;2012-06-03;2012-06-03;1;07:00 p.m.;residence of Yambem Ninghtem, Mantripukhri, Imphal West;;;24,851803;93,933213;3: neighbourhood ;0;0;0;0;0;0;0;;3;0;3;0;0
IMP12070401_00;Imphal;India;750;attack;na;explosives;militants;unknown;unknown;unknown;civilians;unknown;1 man;35;no;2: medium;"Press Trust of India, ""Militants attack govt official's house; one injured,"" 4 July 2012";Police;2012-07-04;2012-07-04;1;11:30 a.m.;Dewlahland, Imphal West;;;24,823209;93,942263;3: neighbourhood ;0;0;0;0;0;0;0;;1;0;1;0;0
IMP12070801_00;Imphal;India;750;attack;na;explosives;unknown;unknown;unknown;unknown;civilians;unknown;unknown;unknown;no;3: low;GTD Event ID: 201207080022;;2012-07-08;2011-07-08;1;unknown;Laishram Leikai village, Imphal East;;;24,799058;93,971275;3: neighbourhood ;0;0;0;0;0;0;0;;3;0;3;0;0
IMP12072501_00;Imphal;India;750;attack;93988;firearms;KCP;unknown;1 man;35;police personnel;unknown;unknown;unknown;no;1: high;"Press Trust of India, ""Militant killed in encounter in Manipur,"" 26 July 2012";;2012-07-25;2012-07-25;1;10:00 p.m.;Heinoubok area, Imphal West;;;24,791169;93,900064;3: neighbourhood ;1;0;0;0;1;1;1;1 man;0;0;0;0;0
IMP12090501_00;Imphal;India;750;attack;na;explosives;militants;unknown;2 men;unknown;Assam Rifles;unknown;unknown;unknown;no;2: medium;"Asian News International, ""Two Assam Rifles personnel injured in Imphal blast,"" 5 September 2012; Indo-Asian News Service, ""Blast in Imphal, two troopers injured,"" 5 September 2012; Indian Express, ""Two Assam Rifles personnel hurt in blast in Imphal,"" 6 September 2012; The Times of India, ""2 Assam Rifles jawans hurt in Imphal blast,"" 6 September 2012";Imphal district police chief Konsam Jayanta Singh;2012-09-05;2012-09-05;1;08:30 a.m.;near the Keishampat Keisham Leikai Community Hall, Imphal West;;;24,799721;93,934689;2: within a small radius of an exact location (e.g. “near the town hall”);0;0;0;0;0;0;0;;2;0;2;0;0
IMP12090801_00;Imphal;India;750;attack;na;explosives;PLA;unknown;unknown;unknown;soldier;unknown;unknown;unknown;no;1: high;"Meghalaya Times, ""Two wounded in IED Triggered blast by PLA in Manipur,"" 8 September 2012";;2012-09-08;2012-09-08;1;08:30 a.m.;near Tiddim Ground along Tiddim road under Singjamei Police Station, Imphal West;;;24,785684;93,919828;2: within a small radius of an exact location (e.g. “near the town hall”);0;0;0;0;0;0;0;;2;0;1;1;0
IMP12100101_00;Imphal;India;750;attack;na;explosives;unknown;unknown;unknown;unknown;police personnel;unknown;unknown;unknown;no;3: low;GTD Event ID: ??201210010022;;2012-10-01;2012-10-01;1;unknown;?near the Government Blind School, Imphal West;;;24,800506;93,907511;1: exact location (e.g. street, building, square);1;0;0;0;1;1;1;unknown;0;0;0;0;0
IMP12100701_00;Imphal;India;750;attack;na;firearms;ZRA;unknown;1 man;25;civilians;unknown;1 man, 1 woman;27, 56;no;1: high;"Meghalaya Times, ""ZRA cadres spree bullets at school, two injured in Manipur,"" 7 October 2012";"victims testimony; witnesses";2012-10-07;2012-10-07;1;09:30 a.m.;St Peter English School, Langol Game Village, Zone-2 under Lamphel Police Station, Imphal West;;;24,824058;93,892685;1: exact location (e.g. street, building, square);0;0;0;0;0;0;0;;2;0;2;0;0
IMP12100901_00;Imphal;India;750;attack;na;explosives;unknown;unknown;unknown;unknown;BSF personnel;unknown;3 men;unknown;no;2: medium;"The Telegraph, ""Blast injures 3 BSF men,"" 10 Oktober 2012";Police;2012-10-09;2012-10-09;1;morning;Luwangsangbam Mayai Leikai along Imphal-Dimapur highway, Imphal East;;;24,869612;93,921781;3: neighbourhood ;0;0;0;0;0;0;0;;3;0;3;0;0
IMP12102601_00;Imphal;India;750;attack;na;explosives;rebels;unknown;unknown;unknown;civilians;unknown;2 men, 2 women;unknown;no;2: medium;"The Times of India, ""Four hurt in Imphal blast,"" 27 Oktober 2012";Police;2012-10-26;2012-10-26;1;05:00 p.m.;Babina Diagnostics, Imphal East;;;24,811685;93,930461;1: exact location (e.g. street, building, square);0;0;0;0;0;0;0;;4;0;4;0;0
IMP12110701_00;Imphal;India;750;attack;na;explosives;PREPAK;unknown;unknown;unknown;Army personnel;unknown;unknown;unknown;no;1: high;"The Statesman, ""Armymen, civilians hurt in Imphal blast,"" 8 November 2012; GTD Event ID: 201211070022";;2012-11-07;2012-11-07;1;09:40 a.m.;Ghari Makha Leikai, not far from Imphal airport, Imphal West;;;24,774144;93,905647;2: within a small radius of an exact location (e.g. “near the town hall”);0;0;0;0;0;0;0;;5;0;2;3;0
IMP12111201_00;Imphal;India;750;attack;na;explosives;PREPAK;unknown;unknown;unknown;civilians;unknown;2 men;40;no;1: high;"Indian Express, ""Two labourers killed in Manipur blast"" 13 November 2012; Tehelka, ""One dead in Imphal as series of IED attacks continue,"" 12 November 2012; The Hindu, ""Explosion untimely, says Prepak,"" 16 November 2012";Police;2012-11-12;2012-11-12;1;05:15 p.m.;Tiddum Road, near Imphal College, Imphal West;;;24,780068;93,911587;1: exact location (e.g. street, building, square);0;1;0;0;1;2;1;1 man;1;0;1;0;0
IMP12111701_00;Imphal;India;750;attack;na;explosives;rebels;unknown;unknown;unknown;civilians;unknown;3 men;38;no;2: medium;"The Times of India, ""Blast rocks Imphal again, three injured,"" 19 November 2012";;2012-11-17;2012-11-17;1;01:35 p.m.;"steel outlet in the Hatta area, Imphal East
";;;24,810301;93,952050;3: neighbourhood ;0;0;0;0;0;0;0;;3;0;3;0;0
IMP121122ß1_00;Imphal;India;750;attack;na;explosives;unknown;unknown;unknown;unknown;civilians;unknown;unknown;unknown;no;3: low;GTD Event ID: 201211220018;;2012-11-22;2012-11-22;1;unknown;near an Assam Rifles checkpost in Singjamei area, Imphal East;;;24,777268;93,943168;3: neighbourhood ;0;0;0;0;0;0;0;;1;0;1;0;0
IMP12121901_00;Imphal;India;750;attack;na;explosives;rebels;unknown;unknown;unknown;civilians;unknown;1 man;35;no;2: medium;"The Times of India, ""Rebels trigger 2 IED blasts in Imphal, driver injured,"" 20 December 2012";;2012-12-19;2012-12-19;1;10:15 a.m.;near Porompat police station, Imphal East;;;24,806555;93,959270;2: within a small radius of an exact location (e.g. “near the town hall”);0;0;0;0;0;0;0;;1;0;1;0;0
IMP12121902_00;Imphal;India;750;attack;na;explosives;militants;unknown;unknown;unknown;civilians;unknown;unknown;unknown;no;2: medium;"Press Trust of India, ""One killed in grenade explosion in Manipur,"" 20 December 2012";;2012-12-19;2012-12-19;1;night;Singjamei Liwa Lambi area, Imphal West;;;24,777268;93,943168;3: neighbourhood ;1;0;0;0;1;1;1;unknown;3;1;2;0;0
IMP13050401_00;Imphal;India;750;attack;na;explosives;militants;unknown;unknown;unknown;civilians;unknown;unknown;16;no;2: medium;"India Blooms News Service, ""5 Assam workers injured in Imphal blast,"" 4 May 2013";Police;2013-05-04;2013-05-04;1;07:15 p.m.;ST Mixer bakery shop at Chinhmeirong Awang Leika, under Lamphel police station, Imphal West ;;;24,819655;93,924908;3: neighbourhood ;0;0;0;0;0;0;0;;5;0;5;0;0
IMP13062701_00;Imphal;India;750;attack;na;explosives;militants;unknown;unknown;unknown;civilians;unknown;unknown;28, 24, 22, 50, 24, 35;no;2: medium;"Assam Tribune, ""2 killed, 4 hurt in Imphal blast,"" 28 June 2013; The Telegraph, ""Vigil up in migrant areas of Imphal after attack,"" 29 June 2013";Police;2013-06-27;2013-06-27;1;08:00 p.m.;Uripok Tourangbam Leikai, Imphal West;;;24,809864;93,929825;3: neighbourhood ;0;2;0;0;2;2;2;;4;0;4;0;0
IMP13072001_00;Imphal;India;750;attack;na;explosives;militants;unknown;unknown;unknown;civilians;unknown;2 men;35, 45;no;2: medium;"Assam Tribune, ""Two hurt in Imphal blast,"" 20 July 2013; The Times of India, ""Imphal blast injures two non-locals,"" 21 July 2013";Police;2013-07-20;2013-07-20;1;11:00 a.m.;Hatta Golapati, Imphal East;;;24,811960;93,947216;3: neighbourhood ;0;0;0;0;0;0;0;;2;0;2;0;0
IMP13072701_00;Imphal;India;750;attack;na;firearms;unknown;unknown;unknown;unknown;civilians;unknown;1 man;20;no;3: low;"Press Trust of India, ""Non-Manipuri shot dead in Manipur,"" 27 July 2013";Police;2013-07-27;2013-07-27;1;unknown;Mantripukhri area, Imphal West;;;24,851783;93,932033;3: neighbourhood ;0;1;0;0;1;1;1;1 man;0;0;0;0;0
IMP13082401_00;Imphal;India;750;attack;na;explosives;unknown;unknown;unknown;unknown;civilians;unknown;unknown;unknown;no;3: low;"Assam Tribune, ""3 hurt in Manipur blast,"" 24 August 2013";;2013-08-24;2013-08-24;1;05:30 a.m.;Naoremthong Laishram Leirak area close to the office of the Deputy Commissioner, Imphal West;;;24,811979;93,912175;2: within a small radius of an exact location (e.g. “near the town hall”);0;0;0;0;0;0;0;;3;0;3;0;0
IMP13083101_00;Imphal;India;750;attack;na;explosives;unknown;unknown;unknown;unknown;civilians;unknown;unknown;unknown;no;3: low;GTD Event ID: 201308310013;;2013-08-31;2013-08-31;1;unknown;near the boundary wall of Raj Bhavan, Imphal West;;;24,803296;93,936480;2: within a small radius of an exact location (e.g. “near the town hall”);0;0;0;0;0;0;0;;2;0;2;0;0
IMP13091301_00;Imphal;India;750;attack;na;explosives;militants;unknown;unknown;unknown;civilians;unknown;unknown;unknown;no;2: medium;"Deccan Chronicle,""Eight non-Manipuris killed in Imphal bomb blast,"" 13 September 2013; Indo-Asian News Service, ""Eight killed in Manipur blast,"" 13 September 2013; Samay Live, ""Imphal bomb blast:Eight non-Manipuris killed,19 injured - Regional News - Sahara Samay,"" 14 September 2013; Indian Express, ""Blast in Imphal: 9 killed, 12 injured,"" 14 September 2013; Press Trust of India, ""Rs Four lakh each for families of blast victims,"" 14 September 2013; GTD Event ID: 201309130005";Inspector General of Police (Law and Order) L. Kailun ;2013-09-13;2013-09-13;1;07:45 p.m.;Khoyathing area, near Thangal Bazaar and Nagamapal, Imphal West;;;24,812050;93,934647;3: neighbourhood ;0;9;0;0;9;9;9;unknown;11;0;11;0;0
IMP13091302_00;Imphal;India;750;attack;na;explosives;PLA;unknown;unknown;unknown;Assam Rifles;unknown;unknown;unknown;no;1: high;"Indo-Asian News Service, ""Eight killed in Manipur blast,"" 13 September 2013; The Hindu, ""Civilian injured in bomb attack,"" 14 September 2013";;2013-09-13;2013-09-13;1;10:30 a.m.;Ukhrul-Imphal road, near Khurai Popular High School at Khurai Thongam leikai, Imphal East ;;;24,834010;93,973938;2: within a small radius of an exact location (e.g. “near the town hall”);0;0;0;0;0;0;0;;1;0;0;1;0
IMP13102601_00;Imphal;India;750;attack;na;explosives;rebels;unknown;unknown;unknown;Assam Rifles;unknown;1 man;30;no;2: medium;"Defence Journal, ""Security Analysis on the International, Regional and Domestic Fronts (Combined effort of PATHFINDER GROUP Task Force),"" 31 December 2013";;2013-10-26;2013-10-26;1;morning;"near Northern Gate of Kangla fort; Imphal city centre";;;24,807676;93,942714;2: within a small radius of an exact location (e.g. “near the town hall”);0;0;0;0;0;0;0;;1;0;1;0;0
IMP13102901_00;Imphal;India;750;attack;na;explosives;militants;unknown;unknown;unknown;civilians;unknown;unknown;2 students;no;2: medium;"Xinhua News Agenc, ""Xinhua Asia Pacific news summary at 1000GMT, Oct. 29,"" 29 October 2013; Assam Tribune, ""Five injured in Imphal blast,"" 29 October 2013; Indian Express, ""Another blast in Imphal injures 5,"" 30 October 2013; Indian Express, ""Manipur: 2 die in twin blasts,"" 31 October 2013";Police;2013-10-29;2013-10-29;1;06:00 a.m.;Dharmasala hand-carts parking site, near Bheirodan School in Khwairamband market complex, Imphal West;;;24,807584;93,937024;3: neighbourhood ;0;0;0;0;0;0;0;;5;0;5;0;0
IMP13103001_00;Imphal;India;750;attack;na;explosives;militants;unknown;unknown;unknown;civilians;unknown;2 men;35, 40;no;2: medium;"Assam Tribune, ""Two killed in Imphal blast,"" 30 October 2013; United News of India, ""Two killed, two injured in Imphal bomb blast,"" 30 October 2013; Indian Express, ""Manipur: 2 die in twin blasts,"" 31 October 2013; The Times of India, ""2 die in blast near Manipur CM's house,"" 31 October 2013; Defence Journal, ""Security Analysis on the International, Regional and Domestic Fronts (Combined effort of PATHFINDER GROUP Task Force),"" 31 December 2013; Philippines News Agency, ""3 killed, 4 injured in bomb blast in N.E. India,"" 30 October 2013";Deputy Chief Minister Gaikhangam;2013-10-30;2013-10-30;1;06:30 a.m.;Moirangkhom bus stand, near Hicham Yaicham Pat, Moirangkhom, Imphal West;;;24,795796;93,940418;1: exact location (e.g. street, building, square);0;2;0;0;2;3;2;2 men;7;0;7;0;0
IMP13111201_00;Imphal;India;750;assassination/murder;na;firearms;unknown;unknown;men;unknown;civilians;unknown;1 man;unknown;no;3: low;"The Times of India, ""Manipur People’s Party leader shot dead in Imphal,"" 14 November 2013";;2013-11-12;2013-11-12;1;morning;Changaingei Ucheckon near Imphal airport, Imphal West;;;24,754073;93,893172;3: neighbourhood ;0;1;0;0;1;1;1;1 man;0;0;0;0;0
IMP13112501_00;Imphal;India;750;attack;67352;explosives;unknown;unknown;unknown;unknown;Assam Rifles;unknown;1 man;32;no;3: low;"Imphal Free Press, ""Blast kills AR jawan, injures civilian,"" 25 November 2013";;2013-11-25;2013-11-25;1;04:00 p.m.;Mayang Imphal bus parking, near Keisampat, near the Raj Bhavan, Imphal West;;;24,799088;93,931514;3: neighbourhood ;0;1;0;0;1;1;1;1 man;1;0;0;1;0
IMP14021901_00;Imphal;India;750;attack;na;explosives;militants;unknown;unknown;unknown;civilians;unknown;1 boy;1 boy;no;2: medium;"The Times of India, ""Blast outside MLA's residence in Imphal,"" 21 February 2014";;2014-02-19;2014-02-19;1;evening;Dewlahland, Imphal West;;;24,823209;93,942263;3: neighbourhood ;0;0;0;0;0;0;0;;1;0;1;0;0
IMP14022801_00;Imphal;India;750;attack;na;explosives;rebels;unknown;unknown;unknown;civilians;unknown;unknown;unknown;no;2: medium;"The Times of India, ""On Friday, suspected rebels triggered a low-intensity IED explosion near the Manipur University in Imphal West, injuring a passenger,"" 3 March 2014";;2014-02-28;2014-02-28;1;unknown;near Manipur University, Imphal West;;;24,752085;93,928143;2: within a small radius of an exact location (e.g. “near the town hall”);0;0;0;0;0;0;0;;1;0;1;0;0
IMP14052901_00;Imphal;India;750;attack;na;explosives;militants;unknown;unknown;unknown;civilians;unknown;7 men, 1 woman;20, 31, 32, 38, 25, 55, 27, 51, 57;no;2: medium;"United News of India, ""Two killed, six injured in Imphal blast,"" 29 May 2014; Indian Express, ""Two dead in Imphal blast, immigrants likely target,"" 30 May 2014; Imphal Free Press, ""Two killed, scores injured in Chingamakhong blast,"" 30 May 2014; The Telegraph, ""Bengal migrant killed in Manipur,"" 27 June 2014";Police;2014-05-29;2014-05-29;1;05:30 p.m.;Singjamei market area, Imphal East;;;24,782013;93,937399;2: within a small radius of an exact location (e.g. “near the town hall”);0;2;0;0;2;2;2;2 men;18;0;18;0;0
IMP14061401_00;Imphal;India;750;attack;na;explosives;militants;unknown;unknown;unknown;civilians;unknown;unknown;unknown;no;3: low;"The Telegraph, ""Bengal migrant killed in Manipur,"" 27 June 2014";;2014-06-14;2014-06-14;1;unknown;Moirangkhom, Imphal West;;;24,790721;93,942421;3: neighbourhood ;0;0;0;0;0;0;0;;3;0;0;3;0
IMP14062601_00;Imphal;India;750;attack;na;firearms;unknown;unknown;1 man;unknown;civilians;unknown;1 man;33;no;2: medium;"The Telegraph, ""Bengal migrant killed in Manipur,"" 27 June 2014; The Times of India, ""Rebels kill Bengal migrant in Imphal,"" 28 June 2014";Police;2014-06-26;2014-06-26;1;08:45 p.m.;Uripok Khoisnam Leikai, Imphal West;;;24,806854;93,930254;2: within a small radius of an exact location (e.g. “near the town hall”);0;1;0;0;1;1;1;1 man;0;0;0;0;0
IMP14071201_00;Imphal;India;750;attack;na;explosives;rebels;unknown;unknown;unknown;civilians;unknown;5 men, 1 woman;unknown;no;2: medium;"The Canadian Press, ""Crude bomb explosion wounds 6 in India's troubled northeast,"" 12 July 2014; The Times of India, ""6 hurt in Manipur blast,"" 13 July 2014";Police;2014-07-12;2014-07-12;1;09:20 a.m.;Langthabal area along NH-2, near Manipur University, Imphal West;;;24,750589;93,917392;3: neighbourhood ;0;0;0;0;0;0;0;;6;0;6;0;0
IMP14081801_00;Imphal;India;750;attack;na;explosives;rebels;unknown;unknown;unknown;civilians;unknown;1 boy;15;no;2: medium;"The Times of India, ""One injured in Imphal blast,"" 21 August 2014";;2014-08-18;2014-08-18;1;12:45 a.m.;Mantripukhri, Imphal West;;;24,851783;93,932033;3: neighbourhood ;0;0;0;0;0;0;0;;1;0;1;0;0
IMP14091701_00;Imphal;India;750;violent abduction;na;unknown;unknown;unknown;unknown;unknown;civilians;unknown;1 man;unknown;no;3: low;GTD Event ID: ??201409170017;;2014-09-17;2014-09-17;1;unknown;?Chingmeirong neighborhood, Imphal West;;;24,832445;93,946017;3: neighbourhood ;0;1;0;0;1;1;1;1 man;0;0;0;0;0
IMP14100101_00;Imphal;India;750;attack;na;explosives;militants;unknown;unknown;unknown;civilians;unknown;unknown;unknown;no;3: low;"The Times of India,""1 killed, 18 hurt in Imphal blast,"" 3 October 2014";Police;2014-10-01;2014-10-01;1;07:30 p.m.;near a Durga Puja pandal at the Thangal bazaar, Imphal West;;;24,810784;93,936288;3: neighbourhood ;0;0;1;0;1;1;1;1 man;18;0;18;0;0
IMP14100601_00;Imphal;India;750;attack;na;explosives;unknown;unknown;unknown;unknown;civilians;unknown;1 man;38;no;3: low;"Imphal Free Press, ""IED explosion on Id-ul-zuha injures one,"" 6 October 2014";;2014-10-06;2014-10-06;1;06:17 p.m.;near an electric transformer on the roadside of the New Checkon road at Hatta Makha Leikai in the middle of two police check posts, Imphal East;;;24,808352;93,949826;3: neighbourhood ;0;0;0;0;0;0;0;;1;0;1;0;0
IMP14110301_00;Imphal;India;750;attack;na;explosives;militants;unknown;unknown;unknown;Territorial Army personnel;unknown;1 man;unknown;no;2: medium;"Press Trust of India, ""Territorial Army personnel killed in Manipur grenade attack"" 5 November 2014";Police;2014-11-03;2014-11-03;1;09:00 p.m.;165th TA post, Koirengei, Imphal West;;;24,879221;93,930037;3: neighbourhood ;0;1;0;0;1;1;1;1 man;0;0;0;0;0
IMP14112701_00;Imphal;India;750;attack;na;firearms;unknown;unknown;unknown;unknown;civilians;unknown;1 man;52;no;3: low;"The Statesman, ""HM official shot at in Imphal,"" 28 November 2014";;2014-11-27;2014-11-27;1;09:45 p.m.;Langol Games Village under Lamphel Police Station, Imphal West;;;24,822392;93,903688;3: neighbourhood ;0;0;0;0;0;0;0;;1;0;1;0;0
IMP14120801_00;Imphal;India;750;violent abduction;na;without weapon/melee;unknown;unknown;unknown;unknown;civilians;unknown;1 man;35;no;3: low;"The Telegraph, ""Abducted trader manages to flee,"" 11 December 2014";victim testimony;2014-12-08;2014-12-18;1;unknown;Singjamei market, Imphal East;;;24,782013;93,937399;1: exact location (e.g. street, building, square);0;0;0;0;0;0;0;;1;0;1;0;0
IMP14121101_00;Imphal;India;750;attack;na;explosives;unknown;unknown;unknown;unknown;civilians;unknown;unknown;unknown;no;3: low;GTD Event ID: ?201412110058;;2014-12-11;2014-12-11;1;unknown;?near two Border Security Force (BSF) vehicles on Imphal-Ukhrul road in Imphal East;;;24,830244;93,969519;4: sub-city admin area;0;0;0;0;0;0;0;;1;0;1;0;0
IMP14121501_00;Imphal;India;750;attack;na;explosives;militants;unknown;unknown;unknown;civilians;unknown;6 men;28, 15, 26, 40, 48, 48;no;2: medium;"Hindustan Times, ""1 killed, 5 injured in Imphal blast,"" 15 December 2014; The Times of India, ""2 killed as blast rocks Imphal,"" 16 December 2014";inspector general of police Clay Khongsai;2014-12-15;2014-12-15;1;11:10 a.m.;Thangal Bazar MG Avenue, located barely 100 metres from city police statio, Imphal West;;;24,811017;93,936548;2: within a small radius of an exact location (e.g. “near the town hall”);0;2;0;0;2;2;2;2 men;5;0;5;0;0
IMP14122101_00;Imphal;India;750;attack;na;explosives;militants;unknown;unknown;unknown;civilians;unknown;6 men, 1 woman;30s, 60s;no;2: medium;"Indo-Asian News Service, ""Three killed, four injured in Manipur blast,"" 21 December 2014; AAP Bulletins, ""Three killed in India bomb blast,"" 21 December 2014; Assam Tribune, ""3 killed, 4 injured in Manipur blast,"" 21 December 2014";Police;2014-12-21;2014-12-21;1;morning;by the roadside near Khuyathong area, close to Imphal market, Imphal West;;;24,815726;93,938193;3: neighbourhood ;0;3;0;0;3;3;3;2 men, 1 woman;4;0;4;0;0
IMP14122601_00;Imphal;India;750;attack;na;explosives;militants;unknown;unknown;unknown;civilians;unknown;unknown;unknown;no;3: low;"Assam Tribune, ""Four hurt in Imphal blast,"" 26 December 2014";;2014-12-26;2014-12-26;1;07:00 p.m.;a video editing centre at Uripok area under Imphal Police station, Imphal West;;;24,808966;93,918425;3: neighbourhood ;0;0;0;0;0;0;0;;4;0;4;0;0
IMP15013001_00;Imphal;India;750;attack;na;firearms;unknown;unknown;unknown;unknown;civilians;unknown;1 man;45;no;3: low;"The Times of India, ""Manipur ADC member attacked in games village,"" 1 February 2015";;2015-01-30;2015-01-30;1;10:30 a.m.;Langol Games Village, Imphal West;;;24,822392;93,903688;3: neighbourhood ;0;0;0;0;0;0;0;;1;0;1;0;0
IMP15021801_00;Imphal;India;750;attack;na;explosives;unknown;unknown;unknown;unknown;civilians;unknown;2 women, 1 man;50, 45, 30;police officers;2: medium;"The Times of India, ""Tribal violence hits Naga dist,"" 19 February 2019; Imphal Free Press, ""Seven including four cops injured in IED blast at Masjid Road,"" 18 February 2015";;2015-02-18;2015-02-18;1;04:40 p.m.;Shamu Makhong area, Imphal West;;;24,807442;93,933806;2: within a small radius of an exact location (e.g. “near the town hall”);0;0;0;0;0;0;0;;7;0;3;4;0
IMP15031101_00;Imphal;India;750;attack;na;explosives;URF (Lalheiba faction);unknown;1 man;36;civilians;unknown;7 women;unknown;no;1: high;"Xinhua News Agency, ""Xinhua Asia-Pacific news summary at 1600 GMT, March 11,"" 11 March 2015; Imphal Free Press, ""MPP, JD(U), others strongly condemn bomb blast; question govt commitment to book culprits,"" 12 March 2015; The Times of India, ""Imphal blast: Student body calls 48-hour bandh,"" 14 March 2015; The Telegraph, ""Drug addict held for Imphal market blast,"" 26 March 2015";;2015-03-11;2015-03-11;1;06:00 p.m.;at Khwairamband Keithel Temporary Shed, Khwairamban bazaar, Imphal West;;;24,807692;93,937210;1: exact location (e.g. street, building, square);0;3;0;0;3;3;3;;23;0;23;0;0
IMP15042301_00;Imphal;India;750;attack;na;explosives;unknown;unknown;unknown;unknown;civilians;unknown;unknown;unknown;no;3: low;"Defence Journal, ""Security Analysis on the International, Regional and Domestic Fronts,"" 31 May 2015";;2015-04-23;2015-04-23;1;unknown;near 1st Gate of the Manipur University, Imphal West ;;;24,752085;93,928143;2: within a small radius of an exact location (e.g. “near the town hall”);0;0;0;0;0;0;0;;5;0;5;0;0
IMP15062601_00;Imphal;India;750;attack;na;explosives;militants;unknown;unknown;unknown;civilians;unknown;1 man;21;no;2: medium;"The Times of India, ""'Rebels' trigger blast near Imphal Raj Bhavan,"" 27 June 2015";;2015-06-26;2015-06-26;1;05:00 a.m.;near the Raj Bhavan, Imphal West;;;24,803312;93,936526;3: neighbourhood ;0;0;0;0;0;0;0;;1;0;1;0;0
IMP15110101_00;Imphal;India;750;attack;na;explosives;UNLF;unknown;unknown;unknown;civilians;unknown;unknown;unknown;no;1: high;GTD Event ID: ?201511010029;;2015-11-01;2015-11-01;1;unknown;?Sky Golden Cafe restaurant along Uripok Kangchup area, Imphal West ;;;24,807776;93,905455;3: neighbourhood ;0;0;0;0;0;0;0;;2;0;2;0;0
IMP15111101_00;Imphal;India;750;attack;na;explosives;unknown;unknown;unknown;unknown;civilians;unknown;1 man;unknown;no;3: low;"Defence Journal, ""Security Analysis on the International, Regional and Domestic Fronts,"" 31 December 2015";;2015-11-11;2015-11-11;1;unknown;Mahabali Kabui village under Porompat Police Station, Imphal East;;;24,796067;93,944207;3: neighbourhood ;0;0;0;0;0;0;0;;1;0;1;0;0
IMP15122201_00;Imphal;India;750;assassination/murder;na;firearms;unknown;unknown;unknown;unknown;civilians;unknown;unknown;unknown;no;3: low;GTD Event ID: ?201512220046;;2015-12-22;2015-12-22;1;unknown;Lamphel area, Imphal West;;;24,817732;93,921761;3: neighbourhood ;0;1;0;0;1;1;1;;0;0;0;0;0
IMP16021901_00;Imphal;India;750;attack;na;firearms;KCP (Poirei Metei Lup);unknown;unknown;youths;civilians;unknown;1 girl, 1 woman, 1 man;38, teenage girl;no;1: high;"Indo-Asian News Service, ""School girl shot at in Manipur,"" 19 February 2016; Imphal Free Press, ""KCP (PML) claims attack on restaurant,"" 20 February 2016; Press Trust of India, ""Woman shot by militant outfit dies,"" 16 March 2016";Police;2016-02-19;2016-02-19;1;unknown;Ningthibi Restaurant at Laiching Chingkhong, Khurai Angom Leikai, Imphal East;;;24,834549;93,972091;3: neighbourhood ;0;1;0;0;1;1;1;1 woman;3;0;3;0;0
IMP16021902_00;Imphal;India;750;attack;na;explosives;unknown;unknown;unknown;unknown;civilians;unknown;unknown;unknown;no;3: low;GTD Event ID: ?201602190068;;2016-02-19;2016-02-19;1;unknown;?Namthilok, Imphal;;;24,815191;93,941956;4: sub-city admin area;0;2;0;0;2;2;2;;0;0;0;0;0
IMP16030901_00;Imphal;India;750;attack;na;explosives;PREPAK-Pro;unknown;unknown;unknown;civilians;unknown;1 man;unknown;no;1: high;"The Telegraph, ""Prepak-Pro owns up to blast,"" 11 March 2016";Police;2016-03-09;2016-03-09;1;unknown;Punya Motors Private Ltd., Khuyathong, Imphal West;;;24,816520;93,938352;1: exact location (e.g. street, building, square);0;0;0;0;0;0;0;;1;0;1;0;0
IMP16031201_00;Imphal;India;750;attack;na;explosives;unknown;unknown;unknown;unknown;civilians;unknown;1 man;24;no;3: low;"Imphal Free Press, ""Oil pump employee injured in IED explosion at Hafiz Hatta,"" 12 March 2015";;2016-03-12;2016-03-12;1;06:50 p.m.;M/s Tusk and Bond Oil Pump, Hafiz Hatta, Imphal East;;;24,812842;93,951874;3: neighbourhood ;0;0;0;0;0;0;0;;1;0;1;0;0
IMP16031901_00;Imphal;India;750;attack;na;explosives;unknown;unknown;unknown;unknown;civilians;unknown;unknown;unknown;no;3: low;GTD Event ID: ?201603190016;;2016-03-19;2016-03-19;1;unknown;?Canchi Indane Service gas agency in Kwakeithel, Imphal West;;;24,784411;93,919205;1: exact location (e.g. street, building, square);0;0;0;0;0;0;0;;1;0;1;0;0
IMP16030301_00;Imphal;India;750;violent abduction;na;sharp object;unknown;unknown;unknown;unknown;civilians;unknown;1 man;unknown;no;3: low;GTD Event ID: ??201603030055;;2016-03-30;2016-03-03;1;unknown;Lamphel Sanakeithel, Imphal West;;;24,817732;93,921761;3: neighbourhood ;0;0;0;0;0;0;0;;1;0;1;0;0
IMP16041301_00;Imphal;India;750;attack;225948;explosives;UNLF;unknown;unknown;unknown;Assam Rifles;unknown;unknown;unknown;no;1: high;"Press Trust of India, ""Jawan killed, 3 injured in blast near Assam Rifles camp,"" 13 April 2016; GTD Event ID: ?201604130032";Police;2016-04-13;2016-04-13;1;evening;near the Assam Rifles camp, near Minuthong, Imphal West;;;24,816146;93,949670;2: within a small radius of an exact location (e.g. “near the town hall”);0;1;0;0;1;1;1;unknown;3;0;3;0;0
IMP16062101_00;Imphal;India;750;attack;na;explosives;NRFM;unknown;unknown;unknown;civilians;unknown;unknown;unknown;no;1: high;"GTD Event ID: ?201606210057; Asian News International, ""JCILPS man held with explosive materials,"" 25 June 2016";;2016-06-21;2016-06-21;1;unknown;Sagolband Ingudam Leirak, Imphal West;;;24,800179;93,921430;3: neighbourhood ;0;0;0;0;0;0;0;;1;0;1;0;0
IMP16080501_00;Imphal;India;750;attack;na;explosives;militants;unknown;unknown;unknown;civilians;unknown;unknown;unknown;no;2: medium;GTD Event ID: ?201608050001;;2016-08-05;2016-08-05;1;unknown;?State Museum complex, Imphal West;;;24,804867;93,937094;1: exact location (e.g. street, building, square);0;0;0;0;0;0;0;;2;0;1;1;0
IMP16100501_00;Imphal;India;750;attack;na;explosives;PREPAK;unknown;unknown;unknown;civilians;unknown;1 man;29;no;1: high;"Imphal Free Press, Man injured in low intensity blast,"" 6 October 2016; GTD Event ID: ?201610050048";;2016-10-05;2016-10-05;1;08:00 p.m.;residential gate of (L) Sapam Tiken of Singjamei Sapam Leikai, Singjamei bazar, Imphal East;;;24,777268;93,943168;3: neighbourhood ;0;0;0;0;0;0;0;;1;0;1;0;0
IMP16101701_00;Imphal;India;750;attack;na;explosives;unknown;unknown;unknown;unknown;civilians;unknown;unknown;unknown;no;3: low;GTD Event ID: ?201610170027;;2016-10-17;2016-10-17;1;unknown;?Chingmeirong area, Imphal West;;;24,832445;93,946017;3: neighbourhood ;0;0;0;0;0;0;0;;3;0;3;0;0
IMP16112001_00;Imphal;India;750;attack;na;explosives;militants;unknown;unknown;unknown;civilians;unknown;1 man;35;no;3: low;"GTD Event ID: ?201611200024; The Telegraph,""Triple blasts rock Imphal,"" 21 November 2016";;2016-11-20;2016-11-20;1;unknown;?Singjamei Chingamathak neighborhood, Imphal West;;;24,785338;93,936234;3: neighbourhood ;0;1;0;0;1;1;1;1 man;0;0;0;0;0
IMP16112002_00;Imphal;India;750;attack;na;explosives;militants;unknown;unknown;unknown;Assam Rifles;unknown;unknown;unknown;no;2: medium;"The Telegraph,""Triple blasts rock Imphal,"" 21 November 2016";Police;2016-11-20;2016-11-20;1;05:00 p.m.;the army's Manipur Sector office complex, Imphal;;;24,813967;93,950279;5: city-level precision only;0;0;0;0;0;0;0;;1;0;1;0;0
IMP16112003_00;Imphal;India;750;attack;na;explosives;militants;unknown;unknown;unknown;CRPF personnel;unknown;unknown;unknown;no;2: medium;"The Telegraph,""Triple blasts rock Imphal,"" 21 November 2016";Police;2016-11-20;2016-11-20;1;05:15 p.m.;All India Radio's Imphal station, Imphal East;;;24,800375;93,948955;1: exact location (e.g. street, building, square);0;0;0;0;0;0;0;;2;0;2;0;0
IMP16120901_00;Imphal;India;750;attack;na;explosives;unknown;unknown;unknown;unknown;civilians;unknown;1 woman;unknown;no;3: low;GTD Event ID: ?201612090013;Police;2016-12-09;2016-12-09;1;06:25 p.m.;Singjamei area, Imphal East;;;24,777365;93,943125;3: neighbourhood ;0;0;0;0;0;0;0;;5;0;5;0;0
IMP17010701_00;Imphal;India;750;attack;na;explosives;unknown;unknown;unknown;unknown;CRPF personnel;unknown;2 men;24, 28;no;2: medium;"India Blooms News Service, ""IED explosion hits poll bound Manipur, two CRPF jawans injured,"" 7 January 2017";Police;2017-01-07;2017-01-07;1;06:30 p.m.;near the 143 battalion CPRF camp at Lamphelpat under Lamphel police station, Imphal West;;;24,823366;93,911634;3: neighbourhood ;0;0;0;0;0;0;0;;2;0;2;0;0
IMP17030201_00;Imphal;India;750;attack;na;explosives;unknown;unknown;unknown;unknown;civilians;unknown;2 women , 6 men;65, 37, 40, 50, 35, 55, 30, 31;no;3: low;"Press Trust of India, ""Eight people injured in IED explosion in Manipur,"" 2 March 2017; United News of India, ""Eight injured in Imphal blast,"" 2 March 2017; The Telegraph, ""8 hurt in Manipur explosion,""  2 March 2017";Police;2017-03-02;2017-03-02;1;evening;Langol Laimanai village in Imphal West;;;24,842357;93,915867;3: neighbourhood ;0;0;0;0;0;0;0;;8;0;8;0;0
IMP17030401_00;Imphal;India;750;attack;na;unknown;unknown;unknown;unknown;unknown;civilians;unknown;1 man;unknown;no;3: low;GTD Event ID: ?201703040030;;2017-03-04;2017-03-04;1;unknown;?Thangmeiband neighborhood, Imphal West;;;24,819075;93,933990;3: neighbourhood ;0;0;0;0;0;0;0;;1;0;1;0;0
IMP17030801_00;Imphal;India;750;attack;na;explosives;unknown;unknown;unknown;unknown;civilians;unknown;3 women, 5 men;unknown;no;2: medium;"Indo-Asian News Service, ""Two women wounded in Imphal grenade attack,"" 8 March 2017; Assam Tribune, ""89 pc votes cast in Manipur repoll,"" 9 March 2017";Police;2017-03-08;2017-03-08;1;unknown;Deva Pharmacy near Kasturi bridge in Thangal Bazaar, Imphal West;;;24,810007;93,933886;2: within a small radius of an exact location (e.g. “near the town hall”);0;0;0;0;0;0;0;;8;0;8;0;0
IMP17031701_00;Imphal;India;750;assassination/murder;na;firearms;UNLF;unknown;unknown;unknown;civilians;unknown;unknown;unknown;no;1: high;"India Today, ""Manipur: Unidentified outfit guns down Bihar native in Imphal,"" 5 October 2017";;2017-03-17;2017-03-17;1;unknown;in between Langol Game village and Lamdeng Khunou, Imphal West;;;24,817359;93,899122;3: neighbourhood ;0;1;0;0;1;1;1;unknown;0;0;0;0;0
IMP17060701_00;Imphal;India;750;attack;na;explosives;PREPAK;unknown;unknown;unknown;civilians;unknown;1 man;unknown;no;1: high;"Indo-Asian News Service, ""One injured in grenade attack in Imphal,"" 8 June 2017; GTD Event ID: ?201706070033";Police;2017-06-07;2017-06-07;1;night;Mahavir Medical Store, in Thangal Bazar neighborhood, Imphal West;;;24,809941;93,934159;1: exact location (e.g. street, building, square);0;0;0;0;0;0;0;;1;0;1;0;0
IMP17071701_00;Imphal;India;750;attack;na;explosives;unknown;unknown;unknown;unknown;civilians;unknown;4 men;50, 43, 41, 35;no;3: low;"The Telegraph, ""Imphal blast injures four,"" 18 July 2017";Police;2017-07-17;2017-07-17;1;10:30 a.m.;Soibam Leikai, Imphal East;;;24,811351;93,954250;3: neighbourhood ;0;0;0;0;0;0;0;;4;0;4;0;0
IMP17072801_00;Imphal;India;750;assassination/murder;na;firearms;UNLF;unknown;unknown;unknown;civilians;unknown;1 man;42;no;1: high;"Press Trust of India, ""Man shot dead in Imphal West district,"" 29 July 2017";UNLF statement;2017-07-28;2017-07-28;1;night;Sagolband Tera Pukhrambam Leirak, Imphal West;;;24,798065;93,924976;3: neighbourhood ;0;1;0;0;1;1;1;1 man;0;0;0;0;0
IMP17080801_00;Imphal;India;750;assassination/murder;na;firearms;UNLF;unknown;unknown;unknown;civilians;unknown;1 man ;42;no;1: high;"Indo-Asian News Service, ""Militants shoot and wound alleged rapist,"" 8 August 2017; Imphal Free Press, ""Minor rape accused shot after appearing in court,"" 8 August 2017; The Times of India, ""UNLF owns up to shooting rape-accused,"" 11 August 2017";Police;2017-08-08;2017-08-08;1;02:00 p.m.;Tera Khamnam Leirak along Sagolband road, Takyel under Lamphel police station, Imphal West;;;24,801671;93,921338;3: neighbourhood ;0;0;0;0;0;0;0;;1;0;1;0;0
IMP17091601_00;Imphal;India;750;attack;na;explosives;militants;unknown;unknown;unknown;civilians;unknown;unknown;unknown;no;2: medium;"India Blooms News Service, ""Manipur: 4 employees of a construction company injured in grenade blast,"" 16 September 2017";;2017-09-16;2017-09-16;1;05:00 p.m.;Hindustan Construction Company office, Imphal;;;24,813967;93,950279;5: city-level precision only;0;0;0;0;0;0;0;;4;0;4;0;0
IMP17100401_00;Imphal;India;750;assassination/murder;na;firearms;unknown;unknown;unknown;unknown;civilians;unknown;1 man;unknown;no;3: low;"The Times of India, ""Bihar man found shot in Imphal,"" 5 October 2017";;2017-10-04;2017-10-04;1;unknown;Maibam Leikai area, near Centrerun Manipur University, Imphal West;;;24,745981;93,921410;3: neighbourhood ;0;1;0;0;1;1;1;1 man;0;0;0;0;0
IMP17101301_00;Imphal;India;750;attack;na;explosives;KCP;unknown;unknown;unknown;civilians;unknown;unknown;unknown;no;1: high;"United News of India, ""Ten injured in Imphal blast,"" 14 October 2017; Press Trust of India, ""Banned outfit claims responsibility for bomb attack in Imphal,"" 14 October 2017";Police;2017-10-13;2017-10-13;1;night;Tera Lukram Leirak, Imphal West;;;24,788020;93,913589;3: neighbourhood ;0;0;0;0;0;0;0;;10;0;10;0;0
IMP18010401_00;Imphal;India;750;assassination/murder;na;firearms;unknown;unknown;unknown;unknown;civilians;unknown;1 man;35;no;3: low;"Imphal Free Press, ""Rape accused shot dead,"" 4 January 2018";;2018-01-04;2018-01-04;1;10:30 a.m.;Zoo road, Iroisemba towards Lamdeng, Imphal West;;;24,815421;93,887721;2: within a small radius of an exact location (e.g. “near the town hall”);0;1;0;0;1;1;1;1 man;0;0;0;0;0
IMP18011501_00;Imphal;India;750;attack;na;explosives;militants;unknown;unknown;unknown;civilians;unknown;1 woman;50;no;2: medium;"Indo-Asian News Service, ""Woman injured in grenade blast near army office in Imphal,"" 15 January 2018; India Blooms News Service, ""Powerful IED explodes in Imphal, one woman sweeper injured,"" 15 January 2018";Police;2018-01-15;2018-01-15;1;06:00 p.m.;at the foot of the southern wall of Johnstone Higher Secondary school, near the Raj Bhavan and close to the Chief Minister's home and office, Imphal West;;;24,805945;93,937901;1: exact location (e.g. street, building, square);0;0;0;0;0;0;0;;1;0;1;0;0
IMP18020501_00;Imphal;India;750;attack;na;explosives;MPA;unknown;unknown;unknown;Assam Rifles;unknown;unknown;unknown;no;1: high;"Indo-Asian News Service, ""Two troopers injured in bomb blasts in Manipur,"" 5 February 2018; GTD Event ID: ??201802050009.";Police;2018-02-05;2018-02-05;1;unknown;Polo ground, Imphal West;;;24,806375;93,935588;1: exact location (e.g. street, building, square);0;0;0;0;0;0;0;;2;0;2;0;0
IMP18020601_00;Imphal;India;750;attack;na;explosives;unknown;unknown;unknown;unknown;Assam Rifles;unknown;unknown;unknown;no;3: low;"India Blooms News Service, ""Manipur: 9 Assam Rifles troopers injured in twin blast,"" 6 February 2018";;2018-02-06;2018-02-06;1;05:30 p.m.;near Khuman Lampak Sports Complex, Imphal East;;;24,822523;93,952481;2: within a small radius of an exact location (e.g. “near the town hall”);0;0;0;0;0;0;0;;9;0;9;0;0
IMP18030301_00;Imphal;India;750;assassination/murder;na;firearms;unknown;unknown;unknown;unknown;civilians;unknown;1 man;24;no;3: low;"The Times of India, ""Youth shot dead in Imphal,"" 5 March 2018; Press Trust of India, ""Two arrested in connection with killing of 21-yr-old youth,"" 8 March 2018";Police;2018-03-03;2018-03-03;1;01:00 a.m.;Nagampal area, Imphal West;;;24,811989;93,933685;3: neighbourhood ;0;1;0;0;1;1;1;1 man;0;0;0;0;0
IMP18050801_00;Imphal;India;750;attack;na;explosives;unknown;unknown;unknown;unknown;Assam Rifles;unknown;1 man;23;no;2: medium;"India Blooms News Service, ""Assam Rifles jawan injured in Manipur blast,"" 8 May 2018";;2018-05-08;2018-05-08;1;06:40 p.m.;in front of Assam Rifles' gate at Sanjeevani, near PDA office, near the Manipur Tourism department office, Imphal West;;;24,818616;93,945247;2: within a small radius of an exact location (e.g. “near the town hall”);0;0;0;0;0;0;0;;1;0;1;0;0
IMP18050901_00;Imphal;India;750;attack;258256;explosives;PREPAK;unknown;unknown;unknown;civilians;unknown;unknown;unknown;BSF jawans;1: high;"The Telegraph, ""Two BSF jawans die in Manipur blast,"" 10 May 2018; Press Trust of India, ""MN-EXPLOSION-PREPAK,"" 10 May 2018";;2018-05-09;2018-05-09;1;afternoon;grocery shop near the 49 BSF camp at Koirengei, Imphal West (about 100 metres from Manipur Public School);;;24,878689;93,922762;2: within a small radius of an exact location (e.g. “near the town hall”);0;0;2;0;2;2;2;2 men;3;0;3;0;0
IMP18061001_00;Imphal;India;750;assassination/murder;na;firearms;militants;unknown;unknown;unknown;civilians;unknown;2 men;20, 18 ;no;2: medium;"The Times of India, ""Protest against murder of Bihari labourer in Imphal,"" 12 June 2018";;2018-06-10;2018-06-10;1;07:00 p.m.;near a church at the Langol Tarung area, Imphal West;;;24,834522;93,926314;3: neighbourhood ;0;1;0;0;1;1;1;1 man;1;0;1;0;0
IMP18092401_00;Imphal;India;750;attack;na;explosives;unknown;unknown;unknown;unknown;civilians;unknown;unknown;unknown;no;3: low;"Assam Tribune, ""7 migrant workers injured in Manipur blast,"" 24 September 2018";Police;2018-09-24;2018-09-24;1;05:45 a.m.;close to the gate of Majorkhul locality, Imphal West;;;24,812805;93,937500;3: neighbourhood ;0;0;0;0;0;0;0;;7;0;7;0;0
IMP18102001_00;Imphal;India;750;attack;267989;explosives;UNLF;unknown;unknown;unknown;CRPF personnel;unknown;2 men;unknown;no;1: high;"Press Trust of India, ""Grenade attack on CRPF vehicle in Imphal, one killed,"" 20 October 2018; Deccan Herald, ""Karnataka CRPF jawan killing case: 5 held in Manipur,"" 31 October 2018";Police;2018-10-20;2018-10-20;1;06:30 p.m.;Nagampal area, Imphal West;;;24,811989;93,933685;3: neighbourhood ;0;1;0;0;1;1;1;1 man;1;0;1;0;0
IMP18111601_00;Imphal;India;750;attack;na;explosives;UNLF;unknown;unknown;unknown;BSF personnel, security staff;unknown;3 men;40, 30, 23 ;no;1: high;"The Times of India, ""Grenade hurled at Manipur House complex,"" 17 November 2018; Assam Tribune, ""Manipur Assembly staff protest grenade attack,"" 17 November 2018";;2018-11-16;2018-11-16;1;06:00 p.m.;Thangmeiband area, Imphal West;;;24,820127;93,934076;3: neighbourhood ;0;0;0;0;0;0;0;;3;0;3;0;0
IMP18120801_00;Imphal;India;750;assassination/murder;na;firearms;UNLF;unknown;unknown;unknown;xKCP;unknown;1 man;44;no;1: high;"Press Trust of India, ""MN-ULTRA,"" 8 December 2018: The Times of India, ""UNLF rebels kill ex-militant,"" 11 December 2018";Police;2018-12-08;2018-12-08;1;unknown;Thangmeiband Yumnam Leikai, Imphal West;;;24,827969;93,938712;3: neighbourhood ;0;1;0;0;1;1;1;1 man;0;0;0;0;0
IMP19020701_00;Imphal;India;750;attack;na;explosives;unknown;unknown;unknown;unknown;Assam Rifles;unknown;3 men;unknown;no;3: low;"Indian Express Online, ""Manipur: Four injured in twin blasts in Imphal, CM calls it ‘cowardly act,"" 7 February 2019";Police;2019-02-07;2019-02-07;1;06:15 p.m.;Polo ground, Imphal West;;;24,806375;93,935588;1: exact location (e.g. street, building, square);0;0;0;0;0;0;0;;4;0;3;1;0
IMP19042201_00;Imphal;India;750;attack;na;explosives;rebels;unknown;unknown;unknown;civilians;unknown;1 man;45;no;2: medium;"The Times of India, ""Manipur school teacher injured in grenade explosion,"" 25 April 2019";;2019-04-22;2019-04-22;1;08:00 p.m.;near Assam Rifles transit camp in Imphal city;;;24,816146;93,949670;2: within a small radius of an exact location (e.g. “near the town hall”);0;0;0;0;0;0;0;;1;0;1;0;0
IMP19073001_00;Imphal;India;750;attack;na;explosives;unknown;unknown;unknown;unknown;civilians;unknown;unknown;60, 38, 33;no;3: low;"United News of India, ""Three injured in Imphal blast,"" 30 July 2019";Police;2019-07-30;2019-07-30;1;unknown;Thangmeiband Hijam Dewan Leikai, Imphal West;;;24,816997;93,932134;3: neighbourhood ;0;0;0;0;0;0;0;;3;0;3;0;0
IMP19110201_00;Imphal;India;750;attack;na;explosives;unknown;unknown;unknown;unknown;BSF personnel;unknown;3 men;54, 30, 23;no;3: low;"Imphal Free Press, ""Three BSF jawans injured in blast during Chhath Puja,"" 2 November 2019";Police;2019-11-02;2019-11-02;1;11:30 p.m.;Telipati, Imphal East;;;24,814172;93,953398;3: neighbourhood ;0;0;0;0;0;0;0;;3;0;3;0;0
IMP19110501_00;Imphal;India;750;attack;na;explosives;unknown;unknown;unknown;unknown;civilians;unknown;unknown;unknown;no;3: low;"United News of India, ""Six including five policemen injured in Imphal blast, CM condemns, reward announced,"" 5 November 2019";;2019-11-05;2019-11-05;1;unknown;Thangal Bazar, Imphal West;;;24,810784;93,936288;3: neighbourhood ;0;0;0;0;0;0;0;;6;0;1;5;0
IMP19112201_00;Imphal;India;750;attack;na;explosives;unknown;unknown;unknown;unknown;CRPF personnel;unknown;2 men;37, 40;no;3: low;"Imphal Free Press, ""Manipur: Two CRPF men injured in blast,"" 22 November 2019";;2019-11-22;2019-11-22;0;unknown;Lilashing Khongnangkhong, in front of Thangmeiband Improvement Club (TIC), near Assembly western gate, Imphal West.;;;24,825934;93,940279;1: exact location (e.g. street, building, square);0;0;0;0;0;0;0;;2;0;2;0;0
IMP22080701_00;Imphal;India;750;attack;na;Blunt object;Police;Government;unknown;unknown;Protesters;Minority students;unknown;unknown;no;2: medium;"The Indian Express, ""Manipur ADC Bill row: 2 cops among 32 injured in student-police clash,"" 7 August 2022";Po;2022-08-06;2022-08-06;1;unknown;Kabo Leikai, Imphal West;;;24,817426;93,938764;3: neighbourhood ;0;0;0;0;0;0;0;;32;2;30;0;0
IMP23012701_00;Imphal;India;750;attack;na;explosives;militants;PREPAK;unknown;unknown;civilians;unknown;unknown;unknown;no;1: high;;;2023-01-26;2023-01-26;1;late evening;Wangkhei bazaar, Imphal;;;24,789094;93,954786;3: neighbourhood ;0;0;0;0;0;0;0;;1;0;0;1;0
IMP23050301_00;Imphal;India;750;riot/violent protest;474756;Blunt object;Mob;Meitei (suspected);unknown;unknown;civilians;student;2 males;unknown;no;2: medium;"The Telegraph, ""Students recount how they escaped stick-wielding rioters in the Manipur University campus,"" 11 May 2023";victim;2023-05-03;2023-05-03;1;10:00 p.m.;Near student hostel, Manipur niversity campus;;;24,756577;93,928907;3: neighbourhood ;0;0;0;0;0;0;0;;2;0;2;0;0
IMP23050401_00;Imphal;India;750;attack;474756;unknown;protesters;Meitei (suspected);unknown;unknown;politician;Kuki;Male;61;no;2: medium;"India Today, ""Manipur violence: BJP MLA attacked by mob in Imphal, critical,"" 4 May 2023 // Hindustan Times, ""Manipur violence: Train services stopped; BJP MLA attacked in Imphal. 10 points."" 5 May 2023 ";;2023-05-04;2023-05-04;1;unknown;On RIMS road, somewhere between the state secretariate and victim's official residence;;;24,813291;93,927131;2: within a small radius of an exact location (e.g. “near the town hall”);0;0;0;0;0;0;0;;1;0;1;0;0
IMP23050402_00;Imphal;India;750;riot/violent protest;474756;Blunt object;Mob;Meitei (suspected);unknown;unknown;civilians;Kuki;Male, female;unknown;no;2: medium;"News Laundry, ""‘Can still feel the blows...Imphal murdered my family’: Manipur violence survivor recalls escape,"" 1 June 2023 [full video interview available] // Press Trust of India, ""Saw my brother lying in a pool of blood, mother shielding him from mob: Manipur violence survivor,"" 3 June 2023";Victim;2023-05-04;2023-05-04;1;10:00 a.m.;Near Ministers quarter, not far from MR camp;;;24,807711;93,914886;3: neighbourhood ;0;2;0;0;2;2;2;;3;0;3;0;0
IMP23050403_00;Imphal;India;750;riot/violent protest;474756;unknown;Mob;Meitei (suspected);unknown;unknown;civilians;Tax assistant;Male;unknown;no;2: medium;"The Free Press Journal, ""Manipur violence: 4 killed in Churachandpur, tax dept staff killed in Imphal amid ongoing tensions.""";Indian Revenue Service Association;2023-05-04;2023-05-04;1;3:00 p.m.;Central Public Works Department quarters, Imphal;;;24,783199;93,914059;3: neighbourhood ;0;0;1;0;1;1;1;1 male;0;0;0;0;0
IMP23050404_00;Imphal;India;750;riot/violent protest;474756;unknown;Mob;Meitei (suspected);unknown;unknown;Kuki;student;Male;21;yes;1: high;"Indian Express, Manipur violence | Youth taken off police van by mob, lynched on May 4: FIR; In the complaint, the SI stated the cops fled the spot while the 21-year-old Hanglalmuan Vaiphei was attacked and killed by the mob in Imphal."" 25 July 2023";;2023-05-04;2023-05-04;1;unknown;Imphal city centre, 7 km from Sajiwa Jail;;;24,814114;93,950278;3: neighbourhood ;0;1;0;0;1;1;1;1 male;0;0;0;0;0
IMP23052201_00;Imphal;India;750;riot/violent protest;na;Blunt object;Meitei;;unknown;unknown;Kuki;civilians;unknown;unknown;yes;1: high;"India Today, ""Houses set ablaze, curfew reimposed as Manipur reports fresh violence,"" 22 May 2023 // Mirror Now, ""Army Called In Imphal Amid Fresh Clashes, Govt Imposed Yet Another Curfew Due To Violence,"" 22 May 2023";PTI;2023-05-22;2023-05-22;1;morning;New Checkon Bazaar area, Imphal;;;24,807866;93,950131;3: neighbourhood ;0;0;0;0;0;0;0;;2;0;0;0;2
IMP23052401_00;Imphal;India;750;attack;na;Blunt object;unknown;unknown;male;unknown;Ethnic minority;Thangkul;famale;unknown;no;2: medium;"India Today, ""Naga group demands action against miscreants who assaulted two Naga women in Imphal,"" 24 May 2023";;2023-05-24;2023-05-24;1;Day;Kwakeithel Bazaar, on the way towards airport;;;24,781541;93,922310;3: neighbourhood ;0;0;0;0;0;0;0;;4;0;4;0;0
IMP23052801_00;Imphal;India;750;riot/violent protest;na;Firearms;protesters;Civilians;unknown;unknown;Politician;;unknown;unknown;no;1: high;"The Times of India, ""Unrest because of Kuki terrorists: Manipur CM,"" 29 May 2023 // Northeast Live, ""Manipur unrest day 25: BJP MLA's house attacked, 4th such incident in a week,"" 28 May 2023";Sources;2023-05-28;2023-05-28;1;unknown;Uripok, Imphal;;;24,809881;93,924034;3: neighbourhood ;0;0;0;0;0;0;0;;2;2;0;0;0
IMP23060401_00;Imphal;India;750;attack;na;Fire;Kuki (suspected);;unknown;unknown;Meitei;civilians;2 female, 1 male;unknown;no;1: high;"The Indian Express, ""Manipur violence: Mother, son among three feared killed in mob attack on ambulance,"" 7 June 2023 // Times Now, ""Manipur Violence: Family Burnt Alive After Miscreants Set Ambulance Ablaze in Imphal | VIDEO,"" 7 June 2023 // The Times of India, ""3 killed as ambulance set on fire in Manipur,"" 8 June 2023";Relatives;2023-06-04;2023-06-04;1;6:30 p.m.;Iroisemba area, Imphal West;;;24,808838;93,893441;3: neighbourhood ;0;3;0;0;3;3;3;2 female, 1 male;0;0;0;0;0
IMP23061501_00;Imphal;India;750;riot/violent protest;na;Blunt object;police officers;Government;unknown;unknown;Protesters;civilians;unknown;unknown;no;2: medium;"Imphal Free Press, ""Two houses, one shop burned amid fresh violence in Imphal,"" 15 June 2023 //Hindustan Times, ""Fresh violence ensnares Manipur as protesters, security forces clash,"" 16 June 2023";;2023-06-15;2023-06-15;1;1:30 p.m.;New Checkon Bazaar area, Imphal;;;24,807866;93,950131;3: neighbourhood ;0;0;0;0;0;0;0;;3;1;1;0;1
IMP23061601_00;Imphal;India;750;riot/violent protest;na;Blunt object;police officers;Government;unknown;unknown;Protesters;civilians;unknown;unknown;no;2: medium;"The Hindu, ""Manipur Violence | Mobs clash with security forces in Imphal; attempts at torching houses of BJP leaders,"" 17 June 2023 // India Today, ""Fresh violence in Manipur as mobs clash with security forces, try to set BJP leaders' house afire,"" 17 June 2023";;2023-06-16;2023-06-16;1;night;Palace compound area;;;24,798034;93,946392;2: within a small radius of an exact location (e.g. “near the town hall”);0;0;0;0;0;0;0;;2;0;2;0;0
